id,product-name,console-name,price-in-pennies,include-string,condition-string,sku,notes,cost-basis-in-pennies,quantity,date-entered,date-purchased,grading-company,grading-cert-id,folder
2575267,Ryu-Ran SDP-003,YuGiOh Starter Deck: Pegasus,112,Ungraded,Normal wear,,,0,1,2025-04-18,,,,YUGIOH
964109,Magnemite #SV27,Pokemon Hidden Fates,206,Ungraded,Normal wear,,,0,1,2025-04-16,,,,HOLO LOT
8560508,Anthony Davis #25,Basketball Cards 2024 Panini Prizm Dominance,117,Ungraded,Normal wear,,,0,1,2025-04-19,,,,
2575275,Sonic Bird SDP-011,YuGiOh Starter Deck: Pegasus,25,Ungraded,Normal wear,,,0,1,2025-04-18,,,,YUGIOH
8871200,Hop's Corvisquire #134,Pokemon Journey Together,18,Ungraded,Normal wear,,,0,2,2025-04-20,,,,
157610,Paper Mario Thousand Year Door Player's Guide,Strategy Guide,2922,Item only,Normal wear,,,0,1,2025-05-06,,,,
2575170,La Jinn the Mystical Genie of the Lamp SKE-009,YuGiOh Starter Deck: Kaiba Evolution,109,Ungraded,Normal wear,,,0,1,2025-04-18,,,,YUGIOH
8543293,Darius Garland [Green Wave] #146,Basketball Cards 2024 Panini Prizm,250,Ungraded,Normal wear,,,0,1,2025-04-16,,,,2025 PRIZMS
8557304,Ron Holland II [Red White Blue] #269,Basketball Cards 2024 Panini Prizm,150,Ungraded,Normal wear,,,0,1,2025-04-17,,,,2025 PRIZMS
8543978,Khris Middleton #153,Basketball Cards 2024 Panini Prizm,149,Ungraded,Normal wear,,,0,1,2025-04-17,,,,
9090898,Andrew Nembhard #CM-NEM,Basketball Cards 2022 Panini Mosaic Collage Autographs,8499,PSA 10,Normal wear,,,9100,1,2025-04-18,2025-04-11,PSA,92757963,GRADED
1958438,Ancient Mew,Pokemon Promo,7791,Ungraded,Normal wear,,,0,1,2025-04-16,,,,PERSONAL COLLECTION
8871311,Volcanion ex #171,Pokemon Journey Together,200,Ungraded,Normal wear,,,0,1,2025-04-20,,,,CHECK CENTERING
2575559,Magic Jammer [1st Edition] SYE-043,YuGiOh Starter Deck: Yugi Evolution,130,Ungraded,Normal wear,,,0,1,2025-04-18,,,,YUGIOH
4643452,Elite Trainer Box,Pokemon Crown Zenith,23485,Ungraded,Normal wear,,,14945,1,2025-04-18,2025-04-16,,,PERSONAL COLLECTION
1656625,Dragapult V #SWSH096,Pokemon Promo,250,Ungraded,Normal wear,,,0,1,2025-04-16,,,,
8846151,Saddiq Bey [Green] #44,Basketball Cards 2024 Panini Prizm,25,Ungraded,Normal wear,,,0,1,2025-04-17,,,,2025 PRIZMS
8548568,Kyshawn George #257,Basketball Cards 2024 Panini Prizm,149,Ungraded,Normal wear,,,0,1,2025-04-17,,,,
8561384,Kyshawn George #19,Basketball Cards 2024 Panini Prizm Instant Impact,105,Ungraded,Normal wear,,,0,1,2025-04-18,,,,
8871061,N's Zoroark ex #98,Pokemon Journey Together,219,Ungraded,Normal wear,,,0,1,2025-04-20,,,,CHECK CENTERING
8551242,Julius Erving #292,Basketball Cards 2024 Panini Prizm,150,Ungraded,Normal wear,,,0,1,2025-04-17,,,,
2574997,Dragon Treasure SDJ-038,YuGiOh Starter Deck: Joey,61,Ungraded,Normal wear,,,0,1,2025-04-18,,,,YUGIOH
3375,Mario Kart Double Dash,Gamecube,6008,Item only,Normal wear,,,0,1,2025-05-06,,,,
3383,Mario Superstar Baseball,Gamecube,6525,"Item, Box, and Manual",Normal wear,,,0,1,2025-05-06,,,,
4062,Kirby Squeak Squad,Nintendo DS,2618,Item only,Normal wear,,,0,1,2025-05-06,,,,
8546760,Dereck Lively II #214,Basketball Cards 2024 Panini Prizm,99,Ungraded,Normal wear,,,0,1,2025-04-17,,,,
2545489,Pikeru's Second Sight TLM-EN050,YuGiOh The Lost Millennium,11,Ungraded,Normal wear,,,0,1,2025-04-18,,,,YUGIOH
8724634,Pascal Siakam [Burgundy] #53,Basketball Cards 2024 Panini Court Kings,99,Ungraded,Normal wear,,,0,1,2025-04-16,,,,CHECK CENTERING
2575199,Nobleman of Crossout SKE-038,YuGiOh Starter Deck: Kaiba Evolution,120,Ungraded,Normal wear,,,0,1,2025-04-18,,,,YUGIOH
8871318,Iono's Kilowattrel [Reverse Holo] #55,Pokemon Journey Together,50,Ungraded,Normal wear,,,0,1,2025-04-20,,,,REVERSE HOLO LOT
4933964,Professor's Research: Professor Turo [Holo] #190,Pokemon Scarlet & Violet,8,Ungraded,Normal wear,,,0,1,2025-04-16,,,,HOLO LOT
1341671,Eternatus VMAX #SV122,Pokemon Shining Fates,537,Ungraded,Normal wear,,,0,1,2025-04-16,,,,NOT A 10
8554503,Kyle Filipowski #263,Basketball Cards 2024 Panini Prizm,149,Ungraded,Normal wear,,,0,1,2025-04-19,,,,
2543572,Reflect Bounder DCR-012,YuGiOh Dark Crisis,625,Ungraded,Normal wear,,,0,1,2025-04-18,,,,CHECK CENTERING
8530547,Dejounte Murray #1,Basketball Cards 2024 Panini Prizm,115,Ungraded,Normal wear,,,0,1,2025-04-19,,,,
2575166,Koumori Dragon SKE-003,YuGiOh Starter Deck: Kaiba Evolution,128,Ungraded,Normal wear,,,0,1,2025-04-18,,,,YUGIOH
3858,Nintendo 64 System,Nintendo 64,8011,Item only,Normal wear,,,0,1,2025-05-06,,,,
1341717,Boss's Orders [Reverse Holo] #58,Pokemon Shining Fates,49,Ungraded,Normal wear,,,0,1,2025-04-16,,,,REVERSE HOLO LOT
8871301,Iono's Voltorb [Reverse Holo] #47,Pokemon Journey Together,81,Ungraded,Normal wear,,,0,1,2025-04-20,,,,REVERSE HOLO LOT
2179,Final Fantasy I & II Dawn of Souls,GameBoy Advance,2000,Item only,Normal wear,,,0,1,2025-05-06,,,,
4277187,Unown VSTAR #66,Pokemon Silver Tempest,164,Ungraded,Normal wear,,,0,1,2025-04-16,,,,
2575284,Blue-Eyes Toon Dragon SDP-020,YuGiOh Starter Deck: Pegasus,216,Ungraded,Normal wear,,,0,1,2025-04-18,,,,CHECK CENTERING
2575307,Waboku SDP-044,YuGiOh Starter Deck: Pegasus,74,Ungraded,Normal wear,,,0,1,2025-04-18,,,,YUGIOH
962583,Shuckle GX #195,Pokemon Lost Thunder,1749,Ungraded,Normal wear,,,0,1,2025-04-18,,,,PERSONAL COLLECTION
8556116,Anthony Davis #195,Basketball Cards 2024 Panini Prizm,138,Ungraded,Normal wear,,,0,1,2025-04-17,,,,
8561305,Jaylon Tyson #9,Basketball Cards 2024 Panini Prizm Instant Impact,99,Ungraded,Normal wear,,,0,1,2025-04-17,,,,
1673204,Tepig #23,Pokemon Battle Styles,10,Ungraded,Normal wear,,,0,1,2025-04-16,,,,HOLO LOT
8540427,Jalen Johnson [Red White Blue] #120,Basketball Cards 2024 Panini Prizm,185,Ungraded,Normal wear,,,0,1,2025-04-19,,,,2025 PRIZMS
8561313,Jared McCain #10,Basketball Cards 2024 Panini Prizm Instant Impact,125,Ungraded,Normal wear,,,0,1,2025-04-19,,,,
2575541,Black Luster Ritual [1st Edition] SYE-025,YuGiOh Starter Deck: Yugi Evolution,173,Ungraded,Normal wear,,,0,1,2025-04-18,,,,CHECK CENTERING
2286,Kirby Nightmare in Dreamland,GameBoy Advance,2999,Item only,Normal wear,,,0,1,2025-05-06,,,,
8558169,Alexandre Sarr #264,Basketball Cards 2024 Panini Prizm,411,Ungraded,Normal wear,,,0,3,2025-04-18,,,,
2575291,Dian Keto the Cure Master SDP-027,YuGiOh Starter Deck: Pegasus,81,Ungraded,Normal wear,,,0,1,2025-04-18,,,,YUGIOH
2575283,Hiro's Shadow Scout SDP-019,YuGiOh Starter Deck: Pegasus,36,Ungraded,Normal wear,,,0,1,2025-04-18,,,,YUGIOH
2575527,Giant Soldier of Stone [1st Edition] SYE-010,YuGiOh Starter Deck: Yugi Evolution,74,Ungraded,Normal wear,,,0,1,2025-04-18,,,,YUGIOH
8531692,Mikal Bridges [Red White Blue] #15,Basketball Cards 2024 Panini Prizm,145,Ungraded,Normal wear,,,0,1,2025-04-19,,,,2025 PRIZMS
8871348,Dhelmise [Reverse Holo] #70,Pokemon Journey Together,15,Ungraded,Normal wear,,,0,1,2025-04-20,,,,REVERSE HOLO LOT
8871278,Impidimp #71,Pokemon Journey Together,30,Ungraded,Normal wear,,,0,2,2025-04-20,,,,
8871162,Noibat #127,Pokemon Journey Together,30,Ungraded,Normal wear,,,0,3,2025-04-20,,,,
2546179,Fire Darts [1st Edition] CRV-EN049,YuGiOh Cybernetic Revolution,240,Ungraded,Normal wear,,,0,1,2025-04-18,,,,YUGIOH
8554551,Charles Barkley [Red White Blue] #280,Basketball Cards 2024 Panini Prizm,167,Ungraded,Normal wear,,,0,1,2025-04-17,,,,2025 PRIZMS
2543753,Contract with the Dark Master [1st Edition] DCR-087,YuGiOh Dark Crisis,150,Ungraded,Normal wear,,,0,1,2025-04-18,,,,YUGIOH
8871258,Ludicolo [Reverse Holo] #37,Pokemon Journey Together,50,Ungraded,Normal wear,,,0,1,2025-04-20,,,,REVERSE HOLO LOT
2575372,Dark Magician SDY-006,YuGiOh Starter Deck: Yugi,1726,Ungraded,Normal wear,,,0,2,2025-04-18,,,,PERSONAL COLLECTION
4933909,Kingambit [Holo] #134,Pokemon Scarlet & Violet,13,Ungraded,Normal wear,,,0,1,2025-04-16,,,,HOLO LOT
1972526,Pokemon Colosseum Player's Guide,Strategy Guide,4125,Item only,Normal wear,,,0,1,2025-05-06,,,,
3587,Super Smash Bros. Melee,Gamecube,6000,"Item, Box, and Manual",Normal wear,,,0,1,2025-05-06,,,,
2574968,Armored Lizard SDJ-009,YuGiOh Starter Deck: Joey,47,Ungraded,Normal wear,,,0,1,2025-04-18,,,,YUGIOH
8727564,Johnny Furphy #FP-FUR,Basketball Cards 2024 Panini Court Kings Fresh Paint Autograph,1907,Ungraded,Normal wear,,,0,1,2025-04-16,,,,CHECK CENTERING
16468,Pokemon Platinum,Nintendo DS,19337,"Item, Box, and Manual",Normal wear,,,0,1,2025-05-06,,,,
8548746,Tristen Newton [Red White Blue] #261,Basketball Cards 2024 Panini Prizm,124,Ungraded,Normal wear,,,0,1,2025-04-19,,,,2025 PRIZMS
2572510,Rare Metal Dragon EP1-EN004,YuGiOh Exclusive Pack,92,Ungraded,Normal wear,,,0,1,2025-04-18,,,,YUGIOH
8871098,Karrablast [Reverse Holo] #9,Pokemon Journey Together,17,Ungraded,Normal wear,,,0,1,2025-04-20,,,,REVERSE HOLO LOT
2572509,Sphinx Teleia EP1-EN003,YuGiOh Exclusive Pack,74,Ungraded,Normal wear,,,0,1,2025-04-18,,,,YUGIOH
2593882,Beta The Magnet Warrior DOR-002,YuGiOh The Duelists of the Roses,710,Ungraded,Normal wear,,,0,1,2025-04-16,,,,PERSONAL COLLECTION
2546204,Infernal Incinerator EEN-EN012,YuGiOh Elemental Energy,11,Ungraded,Normal wear,,,0,1,2025-04-18,,,,YUGIOH
2593997,Dark Paladin DMG-001,YuGiOh Duel Master's Guide,2767,Ungraded,Normal wear,,,0,1,2025-04-16,,,,CHECK CENTERING
8541636,Draymond Green #131,Basketball Cards 2024 Panini Prizm,159,Ungraded,Normal wear,,,0,1,2025-04-19,,,,
8556110,Zach LaVine #192,Basketball Cards 2024 Panini Prizm,165,Ungraded,Normal wear,,,0,1,2025-04-19,,,,
8531128,Devin Booker [Silver] #8,Basketball Cards 2024 Panini Prizm,144,Ungraded,Normal wear,,,0,1,2025-04-19,,,,2025 PRIZMS
1341498,Kyogre #21,Pokemon Shining Fates,323,Ungraded,Normal wear,,,0,1,2025-04-16,,,,HOLO LOT
8560297,Alexandre Sarr [Silver] #9,Basketball Cards 2024 Panini Prizm Deep Space,100,Ungraded,Normal wear,,,0,1,2025-04-19,,,,2025 PRIZMS
8539098,Bogdan Bogdanovic [Red White Blue] #105,Basketball Cards 2024 Panini Prizm,222,Ungraded,Normal wear,,,0,1,2025-04-17,,,,2025 PRIZMS
8539485,Cam Whitmore #110,Basketball Cards 2024 Panini Prizm,150,Ungraded,Normal wear,,,0,1,2025-04-17,,,,
2578578,The Law of the Normal AST-094,YuGiOh Ancient Sanctuary,91,Ungraded,Normal wear,,,0,1,2025-04-18,,,,YUGIOH
8538920,Jayson Tatum #103,Basketball Cards 2024 Panini Prizm,172,Ungraded,Normal wear,,,0,1,2025-04-17,,,,
4122,Pokemon Diamond,Nintendo DS,5960,"Item, Box, and Manual",Normal wear,,,0,1,2025-05-06,,,,
3470,Paper Mario Thousand Year Door,Gamecube,4851,"Item, Box, and Manual",Normal wear,,,0,1,2025-05-06,,,,
3483,Pokemon Colosseum,Gamecube,17398,"Item, Box, and Manual",Normal wear,,,0,1,2025-05-06,,,,
8871238,Iono's Bellibolt ex #53,Pokemon Journey Together,158,Ungraded,Normal wear,,,0,1,2025-04-20,,,,NOT A 10
2544444,Fairy Meteor Crush DB1-EN178,YuGiOh Dark Beginning 1,99,Ungraded,Normal wear,,,0,1,2025-04-18,,,,YUGIOH
8871064,Pangoro #99,Pokemon Journey Together,16,Ungraded,Normal wear,,,0,2,2025-04-20,,,,
1341545,Gym Trainer #68,Pokemon Shining Fates,149,Ungraded,Normal wear,,,0,1,2025-04-16,,,,
8871157,Greedent [Reverse Holo] #132,Pokemon Journey Together,36,Ungraded,Normal wear,,,0,1,2025-04-20,,,,REVERSE HOLO LOT
8542397,Jaime Jaquez Jr. #138,Basketball Cards 2024 Panini Prizm,150,Ungraded,Normal wear,,,0,1,2025-04-17,,,,
5432229,Bennedict Mathurin #FBR-BMP,Basketball Cards 2022 Panini Prizm Fast Break Rookie Autographs,2600,Ungraded,Normal wear,,,2500,1,2025-04-16,,,,PERSONAL COLLECTION
2543758,Archfiend's Oath [1st Edition] DCR-092,YuGiOh Dark Crisis,35,Ungraded,Normal wear,,,0,1,2025-04-18,,,,YUGIOH
8871165,Noivern [Holo] #128,Pokemon Journey Together,25,Ungraded,Normal wear,,,0,1,2025-04-20,,,,HOLO LOT
2575268,Illusionist Faceless Mage SDP-004,YuGiOh Starter Deck: Pegasus,58,Ungraded,Normal wear,,,0,1,2025-04-18,,,,YUGIOH
8871248,Alolan Marowak #57,Pokemon Journey Together,42,Ungraded,Normal wear,,,0,3,2025-04-20,,,,
5605909,Audino [Reverse Holo] #173,Pokemon Obsidian Flames,20,Ungraded,Normal wear,,,0,1,2025-04-16,,,,REVERSE HOLO LOT
4100,New Super Mario Bros,Nintendo DS,1799,Item only,Normal wear,,,0,1,2025-05-06,,,,
8871280,Morgrem #72,Pokemon Journey Together,22,Ungraded,Normal wear,,,0,2,2025-04-20,,,,
8560618,Alexandre Sarr #14,Basketball Cards 2024 Panini Prizm Emergent,117,Ungraded,Normal wear,,,0,1,2025-04-18,,,,
2574991,Giant Trunade SDJ-032,YuGiOh Starter Deck: Joey,99,Ungraded,Normal wear,,,0,1,2025-04-18,,,,YUGIOH
5605886,Bronzong [Reverse Holo] #145,Pokemon Obsidian Flames,19,Ungraded,Normal wear,,,0,1,2025-04-16,,,,REVERSE HOLO LOT
8538292,Bam Adebayo #97,Basketball Cards 2024 Panini Prizm,150,Ungraded,Normal wear,,,0,1,2025-04-19,,,,
2546197,Jack's Knight EEN-EN005,YuGiOh Elemental Energy,911,Ungraded,Normal wear,,,0,1,2025-04-18,,,,CHECK CENTERING
8871124,Hop's Snorlax #117,Pokemon Journey Together,358,Ungraded,Normal wear,,,0,2,2025-04-20,,,,HOLO LOT
4953060,Koraidon #14,Pokemon Promo,495,Ungraded,Normal wear,,,0,1,2025-04-16,,,,CHECK CENTERING
2463,Pokemon Sapphire,GameBoy Advance,8500,Item only,Normal wear,,,0,1,2025-05-06,,,,
8871078,Karrablast #9,Pokemon Journey Together,30,Ungraded,Normal wear,,,0,2,2025-04-20,,,,
4566851,Indeedee [Holo] #56,Pokemon Shining Fates,150,Ungraded,Normal wear,,,0,1,2025-04-16,,,,HOLO LOT
2575389,Dark Hole SDY-022,YuGiOh Starter Deck: Yugi,86,Ungraded,Normal wear,,,0,1,2025-04-18,,,,YUGIOH
13205,Pokemon Mystery Dungeon Explorers of Darkness,Nintendo DS,2045,Item only,Normal wear,,,0,1,2025-05-06,,,,
2543914,Gren Maju Da Eiza [1st Edition] IOC-024,YuGiOh Invasion of Chaos,78,Ungraded,Normal wear,,,0,1,2025-04-18,,,,YUGIOH
2543419,Continuous Destruction Punch MFC-085,YuGiOh Magician's Force,74,Ungraded,Normal wear,,,0,1,2025-04-18,,,,YUGIOH
1673328,Mimikyu V #148,Pokemon Battle Styles,2398,Ungraded,Normal wear,,,0,1,2025-04-16,,,,CLEAN AND SEND
8871183,Squawkabilly [Reverse Holo] #141,Pokemon Journey Together,25,Ungraded,Normal wear,,,0,1,2025-04-20,,,,REVERSE HOLO LOT
8871145,Torkoal [Reverse Holo] #25,Pokemon Journey Together,12,Ungraded,Normal wear,,,0,1,2025-04-20,,,,REVERSE HOLO LOT
5605887,Probopass [Reverse Holo] #146,Pokemon Obsidian Flames,19,Ungraded,Normal wear,,,0,1,2025-04-16,,,,REVERSE HOLO LOT
2456,Pokemon FireRed,GameBoy Advance,13999,Item only,Normal wear,,,0,1,2025-05-06,,,,
3374,Mario Golf Toadstool Tour,Gamecube,2827,"Item, Box, and Manual",Normal wear,,,0,1,2025-05-06,,,,
2575171,Skull Red Bird SKE-010,YuGiOh Starter Deck: Kaiba Evolution,35,Ungraded,Normal wear,,,0,1,2025-04-18,,,,YUGIOH
5605852,Larvitar [Reverse Holo] #105,Pokemon Obsidian Flames,25,Ungraded,Normal wear,,,0,1,2025-04-16,,,,REVERSE HOLO LOT
5605723,Scizor #205,Pokemon Obsidian Flames,1016,Ungraded,Normal wear,,,0,1,2025-04-16,,,,NOT A 10
8871101,Druddigon [Reverse Holo] #115,Pokemon Journey Together,11,Ungraded,Normal wear,,,0,1,2025-04-20,,,,REVERSE HOLO LOT
8871260,Metagross #63,Pokemon Journey Together,62,Ungraded,Normal wear,,,0,2,2025-04-20,,,,
8871139,Dudunsparce ex #121,Pokemon Journey Together,110,Ungraded,Normal wear,,,0,1,2025-04-20,,,,
8561118,Alperen Sengun #1,Basketball Cards 2024 Panini Prizm Global Reach,124,Ungraded,Normal wear,,,0,1,2025-04-19,,,,
2575270,Uraby SDP-006,YuGiOh Starter Deck: Pegasus,20,Ungraded,Normal wear,,,0,1,2025-04-18,,,,YUGIOH
2544151,Nightmare Penguin RDS-EN010,YuGiOh Rise of Destiny,37,Ungraded,Normal wear,,,0,1,2025-04-18,,,,YUGIOH
8728994,Johnny Furphy #RJS-JFP,Basketball Cards 2024 Panini Court Kings Rookie Swatch,500,Ungraded,Normal wear,,,0,1,2025-04-16,,,,CHECK CENTERING
8871146,Tropius #123,Pokemon Journey Together,11,Ungraded,Normal wear,,,0,1,2025-04-20,,,,
4126,Pokemon Trozei,Nintendo DS,6060,"Item, Box, and Manual",Normal wear,,,0,1,2025-05-06,,,,
2575538,Zombyra the Dark [1st Edition] SYE-022,YuGiOh Starter Deck: Yugi Evolution,149,Ungraded,Normal wear,,,0,1,2025-04-18,,,,CHECK CENTERING
3380,Mario Party 7,Gamecube,6108,"Item, Box, and Manual",Normal wear,,,0,1,2025-05-06,,,,
8531534,Deni Avdija [Silver] #13,Basketball Cards 2024 Panini Prizm,151,Ungraded,Normal wear,,,0,1,2025-04-17,,,,2025 PRIZMS
2530903,Giltia the D. Knight MRD-094,YuGiOh Metal Raiders,80,Ungraded,Normal wear,,,0,1,2025-04-18,,,,YUGIOH
8225751,Ben Sheppard #RJA-BES,Basketball Cards 2023 Topps Midnight Rookie Jersey Autograph,321,Ungraded,Normal wear,,,0,1,2025-04-16,,,,PERSONAL COLLECTION
8728258,Jermaine O'Neal [Amber] #II-ONE,Basketball Cards 2024 Panini Court Kings Impressionist Ink,1050,Ungraded,Normal wear,,,0,1,2025-04-16,,,,CHECK CENTERING
8871218,Oinkologne #140,Pokemon Journey Together,40,Ungraded,Normal wear,,,0,2,2025-04-20,,,,
2120,Donkey Kong Country,GameBoy Advance,2168,Item only,Normal wear,,,0,1,2025-05-06,,,,
4526792,Isaiah Jackson #RS-IJA,Basketball Cards 2021 Panini Prizm Rookie Signatures,287,Ungraded,Normal wear,,,482,1,2025-04-16,,,,PERSONAL COLLECTION
2575265,Red Archery Girl SDP-002,YuGiOh Starter Deck: Pegasus,33,Ungraded,Normal wear,,,0,1,2025-04-18,,,,YUGIOH
3254,Donkey Kong Jungle Beat,Gamecube,3380,"Item, Box, and Manual",Normal wear,,,0,1,2025-05-06,,,,
8533516,Nicolas Claxton #38,Basketball Cards 2024 Panini Prizm,150,Ungraded,Normal wear,,,0,1,2025-04-19,,,,
10235,Zelda Phantom Hourglass,Nintendo DS,2737,Item only,Normal wear,,,0,1,2025-05-06,,,,
5605823,Toxel [Reverse Holo] #71,Pokemon Obsidian Flames,29,Ungraded,Normal wear,,,0,1,2025-04-16,,,,REVERSE HOLO LOT
4079,Mario Hoops 3 on 3,Nintendo DS,2102,"Item, Box, and Manual",Normal wear,,,0,1,2025-05-06,,,,
8531516,Deni Avdija #13,Basketball Cards 2024 Panini Prizm,119,Ungraded,Normal wear,,,0,1,2025-04-19,,,,
5605785,Entei [Reverse Holo] #30,Pokemon Obsidian Flames,50,Ungraded,Normal wear,,,0,1,2025-04-16,,,,HOLO LOT
4934183,Cyclizar [Reverse Holo] #163,Pokemon Scarlet & Violet,22,Ungraded,Normal wear,,,0,1,2025-04-16,,,,REVERSE HOLO LOT
8560295,Alexandre Sarr #9,Basketball Cards 2024 Panini Prizm Deep Space,99,Ungraded,Normal wear,,,0,1,2025-04-18,,,,
8543064,Shaedon Sharpe #144,Basketball Cards 2024 Panini Prizm,99,Ungraded,Normal wear,,,0,1,2025-04-19,,,,
8560682,Ryan Dunn #22,Basketball Cards 2024 Panini Prizm Emergent,128,Ungraded,Normal wear,,,0,1,2025-04-17,,,,
2593976,Silent Swordsman LV7 WC5-EN001,YuGiOh 7 Trials to Glory: World Championship Tournament 2005,786,Ungraded,Normal wear,,,0,1,2025-04-16,,,,CHECK CENTERING
31034,Pokemon Black,Nintendo DS,10761,"Item, Box, and Manual",Normal wear,,,0,1,2025-05-06,,,,
8846233,Jaren Jackson Jr. [Green] #140,Basketball Cards 2024 Panini Prizm,125,Ungraded,Normal wear,,,0,1,2025-04-19,,,,2025 PRIZMS
1341278,Zapdos #30,Pokemon Fossil,667,Ungraded,Normal wear,,,0,1,2025-04-18,,,,PERSONAL COLLECTION
8560536,Kyshawn George [Green] #3,Basketball Cards 2024 Panini Prizm Emergent,142,Ungraded,Normal wear,,,0,1,2025-04-18,,,,2025 PRIZMS
8846193,Shai Gilgeous-Alexander [Green] #113,Basketball Cards 2024 Panini Prizm,169,Ungraded,Normal wear,,,0,1,2025-04-19,,,,2025 PRIZMS
2543725,Sasuke Samurai 2 [1st Edition] DCR-059,YuGiOh Dark Crisis,35,Ungraded,Normal wear,,,0,1,2025-04-18,,,,YUGIOH
8871168,Komala #129,Pokemon Journey Together,32,Ungraded,Normal wear,,,0,2,2025-04-20,,,,
8560250,Anthony Edwards [Silver] #3,Basketball Cards 2024 Panini Prizm Deep Space,127,Ungraded,Normal wear,,,0,1,2025-04-17,,,,2025 PRIZMS
8533922,Miles Bridges #43,Basketball Cards 2024 Panini Prizm,100,Ungraded,Normal wear,,,0,1,2025-04-19,,,,
8871174,Cramorant [Reverse Holo] #137,Pokemon Journey Together,41,Ungraded,Normal wear,,,0,1,2025-04-20,,,,REVERSE HOLO LOT
16049,Rune Factory 2,Nintendo DS,2865,Item only,Normal wear,,,0,1,2025-05-06,,,,
19366,GBA Video Nicktoons Collection Volume 3,GameBoy Advance,9333,Item only,Normal wear,,,0,1,2025-05-06,,,,
2574,Spyro Attack of the Rhynocs,GameBoy Advance,1269,Item only,Normal wear,,,0,1,2025-05-06,,,,
8550203,Bub Carrington #244,Basketball Cards 2024 Panini Prizm,298,Ungraded,Normal wear,,,0,2,2025-04-18,,,,
8871326,Banette [Reverse Holo] #60,Pokemon Journey Together,37,Ungraded,Normal wear,,,0,1,2025-04-20,,,,REVERSE HOLO LOT
2546218,Familiar-Possessed - Aussa EEN-EN026,YuGiOh Elemental Energy,20,Ungraded,Normal wear,,,0,1,2025-04-18,,,,YUGIOH
8871175,Drampa #130,Pokemon Journey Together,28,Ungraded,Normal wear,,,0,2,2025-04-20,,,,
8871135,Dunsparce #120,Pokemon Journey Together,34,Ungraded,Normal wear,,,0,2,2025-04-20,,,,
2575061,Blue-Eyes White Dragon SDK-001,YuGiOh Starter Deck: Kaiba,1999,Ungraded,Normal wear,,,0,1,2025-04-16,,,,CHECK CENTERING
8883280,Hop's Wooloo #170,Pokemon Journey Together,362,Ungraded,Normal wear,,,0,1,2025-04-20,,,,NOT A 10
2575279,Man-Eater Bug SDP-015,YuGiOh Starter Deck: Pegasus,82,Ungraded,Normal wear,,,0,1,2025-04-18,,,,CHECK CENTERING
3223,Digital AV Component Cable,Gamecube,23050,Item only,Normal wear,,,0,1,2025-05-06,,,,
8560247,Anthony Edwards #3,Basketball Cards 2024 Panini Prizm Deep Space,100,Ungraded,Normal wear,,,0,1,2025-04-17,,,,
849200,Seviper #11,Pokemon Sandstorm,1992,Ungraded,Normal wear,,,0,1,2025-04-18,,,,PERSONAL COLLECTION
8555193,Trayce Jackson-Davis #188,Basketball Cards 2024 Panini Prizm,149,Ungraded,Normal wear,,,0,1,2025-04-19,,,,
2575274,Hane-Hane SDP-010,YuGiOh Starter Deck: Pegasus,25,Ungraded,Normal wear,,,0,1,2025-04-18,,,,YUGIOH
2460,Pokemon Mystery Dungeon Red Rescue Team,GameBoy Advance,2948,Item only,Normal wear,,,0,1,2025-05-06,,,,
3979,Action Replay DS,Nintendo DS,3531,Item only,Normal wear,,,0,1,2025-05-06,,,,
8871110,Accelgor [Reverse Holo] #13,Pokemon Journey Together,15,Ungraded,Normal wear,,,0,1,2025-04-20,,,,REVERSE HOLO LOT
2545495,Grave Lure TLM-EN056,YuGiOh The Lost Millennium,24,Ungraded,Normal wear,,,0,1,2025-04-18,,,,YUGIOH
8871109,Hop's Snorlax [Reverse Holo] #117,Pokemon Journey Together,115,Ungraded,Normal wear,,,0,1,2025-04-20,,,,HOLO LOT
91042,Gameboy Advance Wireless Adapter,GameBoy Advance,2757,Item only,Normal wear,,,0,1,2025-05-06,,,,
1341704,Trapinch [Reverse Holo] #40,Pokemon Shining Fates,24,Ungraded,Normal wear,,,0,1,2025-04-16,,,,REVERSE HOLO LOT
8561355,Donovan Clingan [Silver] #15,Basketball Cards 2024 Panini Prizm Instant Impact,146,Ungraded,Normal wear,,,0,1,2025-04-19,,,,2025 PRIZMS
8225260,Jalen Rose [Twilight] #HS-JR,Basketball Cards 2023 Topps Midnight Horizon Signature,663,Ungraded,Normal wear,,,800,1,2025-04-18,,,,PERSONAL COLLECTION
1712967,Flapple [GameStop Holo] #22,Pokemon Rebel Clash,499,Ungraded,Normal wear,,,0,1,2025-04-16,,,,CHECK CENTERING
8871188,Skwovet #131,Pokemon Journey Together,12,Ungraded,Normal wear,,,0,2,2025-04-20,,,,
8871375,Bombirdier [Reverse Holo] #101,Pokemon Journey Together,10,Ungraded,Normal wear,,,0,1,2025-04-20,,,,REVERSE HOLO LOT
2575535,Kuriboh [1st Edition] SYE-019,YuGiOh Starter Deck: Yugi Evolution,100,Ungraded,Normal wear,,,0,1,2025-04-18,,,,CHECK CENTERING
4123,Pokemon Mystery Dungeon Blue Rescue Team,Nintendo DS,2341,Item only,Normal wear,,,0,1,2025-05-06,,,,
8871241,Redeemable Ticket [Reverse Holo] #156,Pokemon Journey Together,122,Ungraded,Normal wear,,,0,1,2025-04-20,,,,REVERSE HOLO LOT
3508403,Bronzong #TG11,Pokemon Astral Radiance,244,Ungraded,Normal wear,,,0,1,2025-04-16,,,,
8558187,Ron Holland II [Silver] #269,Basketball Cards 2024 Panini Prizm,299,Ungraded,Normal wear,,,0,1,2025-04-17,,,,2025 PRIZMS
2458,Pokemon LeafGreen Version,GameBoy Advance,13247,Item only,Normal wear,,,0,1,2025-05-06,,,,
3585,Super Monkey Ball,Gamecube,2644,Item only,Normal wear,,,0,1,2025-05-06,,,,
8871230,Tapu Koko ex #51,Pokemon Journey Together,136,Ungraded,Normal wear,,,0,1,2025-04-20,,,,
3559,SpongeBob SquarePants Battle for Bikini Bottom,Gamecube,2700,"Item, Box, and Manual",Normal wear,,,0,1,2025-05-06,,,,
8533209,Derrick Jones Jr. [Red White Blue] #34,Basketball Cards 2024 Panini Prizm,99,Ungraded,Normal wear,,,0,1,2025-04-19,,,,2025 PRIZMS
8545545,Lauri Markkanen #186,Basketball Cards 2024 Panini Prizm,99,Ungraded,Normal wear,,,0,1,2025-04-19,,,,
2544795,Shadowslayer FET-EN024,YuGiOh Flaming Eternity,662,Ungraded,Normal wear,,,0,1,2025-04-18,,,,YUGIOH
2593975,Slate Warrior WC4-003,YuGiOh World Championship Tournament 2004,650,Ungraded,Normal wear,,,0,1,2025-04-16,,,,CHECK CENTERING
2543910,Fenrir [1st Edition] IOC-020,YuGiOh Invasion of Chaos,36,Ungraded,Normal wear,,,0,1,2025-04-18,,,,YUGIOH
8533524,Nicolas Claxton [Green Wave] #38,Basketball Cards 2024 Panini Prizm,175,Ungraded,Normal wear,,,0,1,2025-04-16,,,,2025 PRIZMS
2544496,Infinite Cards DB1-EN230,YuGiOh Dark Beginning 1,136,Ungraded,Normal wear,,,0,1,2025-04-18,,,,YUGIOH
5605613,Claydol [Holo] #95,Pokemon Obsidian Flames,279,Ungraded,Normal wear,,,0,3,2025-04-16,,,,HOLO LOT
8534484,Paul George #50,Basketball Cards 2024 Panini Prizm,139,Ungraded,Normal wear,,,0,1,2025-04-17,,,,
2575308,Seven Tools of the Bandit SDP-045,YuGiOh Starter Deck: Pegasus,42,Ungraded,Normal wear,,,0,1,2025-04-18,,,,YUGIOH
8871284,Milcery #74,Pokemon Journey Together,24,Ungraded,Normal wear,,,0,2,2025-04-20,,,,
8534003,Saddiq Bey #44,Basketball Cards 2024 Panini Prizm,100,Ungraded,Normal wear,,,0,1,2025-04-19,,,,
2575208,Burst Breath SKE-049,YuGiOh Starter Deck: Kaiba Evolution,15,Ungraded,Normal wear,,,0,1,2025-04-18,,,,YUGIOH
1656616,Eevee VMAX #SWSH087,Pokemon Promo,560,Ungraded,Normal wear,,,0,1,2025-04-16,,,,
3644,Wavebird Wireless Controller,Gamecube,5916,Item only,Normal wear,,,0,1,2025-05-06,,,,
8871094,Accelgor #13,Pokemon Journey Together,21,Ungraded,Normal wear,,,0,3,2025-04-20,,,,
8871104,Virizion #15,Pokemon Journey Together,66,Ungraded,Normal wear,,,0,3,2025-04-20,,,,
2543896,Crimson Ninja [1st Edition] IOC-006,YuGiOh Invasion of Chaos,28,Ungraded,Normal wear,,,0,1,2025-04-18,,,,YUGIOH
2543206,Curse of Aging PGD-094,YuGiOh Pharaonic Guardian,11,Ungraded,Normal wear,,,0,1,2025-04-18,,,,YUGIOH
5605857,Bonsly [Reverse Holo] #110,Pokemon Obsidian Flames,49,Ungraded,Normal wear,,,0,1,2025-04-16,,,,REVERSE HOLO LOT
3489515,Hisuian Lilligant V #17,Pokemon Astral Radiance,99,Ungraded,Normal wear,,,0,1,2025-04-16,,,,
8871211,Hop's Choice Band [Reverse Holo] #148,Pokemon Journey Together,15,Ungraded,Normal wear,,,0,1,2025-04-20,,,,REVERSE HOLO LOT
7473370,Tyrese Haliburton #RP-THB,Basketball Cards 2020 Panini Prizm Rookie Penmanship,19689,PSA 10,Normal wear,,,14504,1,2025-04-18,2025-04-11,PSA,84666019,GRADED
4933897,Klawf [Holo] #122,Pokemon Scarlet & Violet,10,Ungraded,Normal wear,,,0,1,2025-04-16,,,,HOLO LOT
2575289,Black Pendant SDP-025,YuGiOh Starter Deck: Pegasus,98,Ungraded,Normal wear,,,0,1,2025-04-18,,,,YUGIOH
8871369,Paldean Wooper [Reverse Holo] #93,Pokemon Journey Together,15,Ungraded,Normal wear,,,0,1,2025-04-20,,,,REVERSE HOLO LOT
3378,Mario Party 6,Gamecube,9299,"Item, Box, and Manual",Normal wear,,,0,1,2025-05-06,,,,
2542583,Fire Sorcerer LON-036,YuGiOh Labyrinth of Nightmare,53,Ungraded,Normal wear,,,0,1,2025-04-18,,,,CHECK CENTERING
8556257,Yves Missi #233,Basketball Cards 2024 Panini Prizm,292,Ungraded,Normal wear,,,0,2,2025-04-17,,,,
4934133,Primeape [Reverse Holo] #108,Pokemon Scarlet & Violet,26,Ungraded,Normal wear,,,0,1,2025-04-16,,,,REVERSE HOLO LOT
8871267,Lillie's Cutiefly #66,Pokemon Journey Together,25,Ungraded,Normal wear,,,0,1,2025-04-20,,,,
2544393,Reaper of the Cards DB1-EN127,YuGiOh Dark Beginning 1,154,Ungraded,Normal wear,,,0,1,2025-04-18,,,,CHECK CENTERING
8871150,Audino #124,Pokemon Journey Together,32,Ungraded,Normal wear,,,0,2,2025-04-20,,,,
2575528,Mystic Clown [1st Edition] SYE-011,YuGiOh Starter Deck: Yugi Evolution,35,Ungraded,Normal wear,,,0,1,2025-04-18,,,,YUGIOH
2575311,Magic Jammer SDP-048,YuGiOh Starter Deck: Pegasus,42,Ungraded,Normal wear,,,0,1,2025-04-18,,,,YUGIOH
8871089,Parasect [Reverse Holo] #5,Pokemon Journey Together,12,Ungraded,Normal wear,,,0,1,2025-04-20,,,,REVERSE HOLO LOT
2575534,Sangan [1st Edition] SYE-018,YuGiOh Starter Deck: Yugi Evolution,69,Ungraded,Normal wear,,,0,1,2025-04-18,,,,CHECK CENTERING
1673358,Octillery #178,Pokemon Battle Styles,649,Ungraded,Normal wear,,,0,1,2025-04-16,,,,NOT A 10
8924046,N's Reshiram [Stamped] #167,Pokemon Journey Together,1833,Ungraded,Normal wear,,,0,1,2025-04-20,,,,NOT A 10
8871071,Petilil #6,Pokemon Journey Together,42,Ungraded,Normal wear,,,0,3,2025-04-20,,,,
4933852,Pawmot [Holo] #76,Pokemon Scarlet & Violet,19,Ungraded,Normal wear,,,0,1,2025-04-16,,,,HOLO LOT
4108,Nintendogs Lab and Friends,Nintendo DS,1680,"Item, Box, and Manual",Normal wear,,,0,1,2025-05-06,,,,
8871380,Galarian Stunfisk [Reverse Holo] #106,Pokemon Journey Together,11,Ungraded,Normal wear,,,0,1,2025-04-20,,,,REVERSE HOLO LOT
2544936,Coffin Seller DR1-EN041,YuGiOh Dark Revelation Volume 1,204,Ungraded,Normal wear,,,0,1,2025-04-18,,,,YUGIOH
2530869,Change of Heart MRD-060,YuGiOh Metal Raiders,757,Ungraded,Normal wear,,,0,1,2025-04-18,,,,CHECK CENTERING
8871160,Cinccino #126,Pokemon Journey Together,90,Ungraded,Normal wear,,,0,3,2025-04-20,,,,
3740,Diddy Kong Racing,Nintendo 64,2747,Item only,Normal wear,,,0,1,2025-05-06,,,,
8839657,Tyrese Haliburton [Turquoise] #3,Basketball Cards 2024 Panini Origins Euphoria,425,Ungraded,Normal wear,,,0,1,2025-04-16,,,,CLEAN AND SEND
2575280,Muka Muka SDP-016,YuGiOh Starter Deck: Pegasus,25,Ungraded,Normal wear,,,0,1,2025-04-18,,,,YUGIOH
2409,NES Gameboy Advance SP,GameBoy Advance,11999,Item only,Normal wear,,,0,1,2025-05-06,,,,
2543958,Sacred Crane [1st Edition] IOC-069,YuGiOh Invasion of Chaos,99,Ungraded,Normal wear,,,0,1,2025-04-18,,,,YUGIOH
2575394,Trap Hole SDY-027,YuGiOh Starter Deck: Yugi,60,Ungraded,Normal wear,,,0,1,2025-04-18,,,,YUGIOH
1341658,Centiskorch V #SV108,Pokemon Shining Fates,200,Ungraded,Normal wear,,,0,1,2025-04-16,,,,
8557210,KJ Simpson Jr. #247,Basketball Cards 2024 Panini Prizm,130,Ungraded,Normal wear,,,0,1,2025-04-17,,,,
2544792,Chiron the Mage FET-EN021,YuGiOh Flaming Eternity,130,Ungraded,Normal wear,,,0,1,2025-04-18,,,,YUGIOH
2593877,Silent Magician LV4 NTR-EN001,YuGiOh Nightmare Troubadour,519,Ungraded,Normal wear,,,0,1,2025-04-18,,,,CHECK CENTERING
8540857,Daniel Gafford #124,Basketball Cards 2024 Panini Prizm,76,Ungraded,Normal wear,,,0,1,2025-04-17,,,,
8871217,Levincia [Reverse Holo] #150,Pokemon Journey Together,26,Ungraded,Normal wear,,,0,1,2025-04-20,,,,REVERSE HOLO LOT
849379,Mysterious Fossil [Reverse Holo] #91,Pokemon Sandstorm,475,Ungraded,Normal wear,,,0,1,2025-04-18,,,,CHECK CENTERING
15966,Pokemon Ranger Shadows of Almia,Nintendo DS,2999,Item only,Normal wear,,,0,1,2025-05-06,,,,
8536988,Brandin Podziemski #81,Basketball Cards 2024 Panini Prizm,100,Ungraded,Normal wear,,,0,1,2025-04-19,,,,
2575304,Trap Hole SDP-041,YuGiOh Starter Deck: Pegasus,34,Ungraded,Normal wear,,,0,1,2025-04-18,,,,YUGIOH
8871378,N's Klang [Reverse Holo] #104,Pokemon Journey Together,37,Ungraded,Normal wear,,,0,1,2025-04-20,,,,REVERSE HOLO LOT
3377,Mario Party 5,Gamecube,6854,"Item, Box, and Manual",Normal wear,,,0,1,2025-05-06,,,,
2575292,Fissure SDP-028,YuGiOh Starter Deck: Pegasus,23,Ungraded,Normal wear,,,0,1,2025-04-18,,,,YUGIOH
2575540,Black Luster Soldier [1st Edition] SYE-024,YuGiOh Starter Deck: Yugi Evolution,1323,Ungraded,Normal wear,,,0,1,2025-04-16,,,,CHECK CENTERING
8871349,Impidimp [Reverse Holo] #71,Pokemon Journey Together,13,Ungraded,Normal wear,,,0,1,2025-04-20,,,,REVERSE HOLO LOT
8549649,Gilbert Arenas [Ice] #275,Basketball Cards 2024 Panini Prizm,100,Ungraded,Normal wear,,,0,1,2025-04-18,,,,2025 PRIZMS
8871068,Parasect #5,Pokemon Journey Together,20,Ungraded,Normal wear,,,0,2,2025-04-20,,,,
8539563,Kyrie Irving #111,Basketball Cards 2024 Panini Prizm,125,Ungraded,Normal wear,,,0,1,2025-04-19,,,,
8871097,Shelgon [Reverse Holo] #113,Pokemon Journey Together,25,Ungraded,Normal wear,,,0,1,2025-04-20,,,,REVERSE HOLO LOT
2575174,The Dragon Dwelling in the Cave SKE-013,YuGiOh Starter Deck: Kaiba Evolution,26,Ungraded,Normal wear,,,0,1,2025-04-18,,,,YUGIOH
8772004,Andrew Nembhard [Purple Press Proof] #85,Basketball Cards 2024 Panini Donruss,100,Ungraded,Normal wear,,,0,1,2025-04-16,,,,PERSONAL COLLECTION
8871179,Reshiram ex #30,Pokemon Journey Together,174,Ungraded,Normal wear,,,0,1,2025-04-20,,,,NOT A 10
8871283,Grimmsnarl #73,Pokemon Journey Together,46,Ungraded,Normal wear,,,0,2,2025-04-20,,,,
8871178,Lechonk [Reverse Holo] #139,Pokemon Journey Together,15,Ungraded,Normal wear,,,0,1,2025-04-20,,,,REVERSE HOLO LOT
14953,Kirby Super Star Ultra,Nintendo DS,4609,"Item, Box, and Manual",Normal wear,,,0,1,2025-05-06,,,,
8772681,Pascal Siakam [Crystals] #99,Basketball Cards 2024 Panini Donruss,200,Ungraded,Normal wear,,,0,1,2025-04-16,,,,CHECK CENTERING
8871330,Dudunsparce ex #178,Pokemon Journey Together,163,Ungraded,Normal wear,,,0,1,2025-04-20,,,,CHECK CENTERING
8838513,Enrique Freeman #RJA-EFP,Basketball Cards 2024 Panini Origins Rookie Jersey Autograph,179,Ungraded,Normal wear,,,0,1,2025-04-16,,,,PERSONAL COLLECTION
2531510,Wingweaver PSV-096,YuGiOh Pharaoh's Servant,44,Ungraded,Normal wear,,,0,1,2025-04-18,,,,YUGIOH
8871177,Hop's Cramorant [Reverse Holo] #138,Pokemon Journey Together,21,Ungraded,Normal wear,,,0,1,2025-04-20,,,,REVERSE HOLO LOT
8547903,Jamal Shead #241,Basketball Cards 2024 Panini Prizm,362,Ungraded,Normal wear,,,0,2,2025-04-19,,,,
2542606,Spherous Lady LON-059,YuGiOh Labyrinth of Nightmare,17,Ungraded,Normal wear,,,0,1,2025-04-18,,,,YUGIOH
2575562,The Eye of Truth [1st Edition] SYE-046,YuGiOh Starter Deck: Yugi Evolution,50,Ungraded,Normal wear,,,0,1,2025-04-18,,,,YUGIOH
8871353,Cubone [Reverse Holo] #76,Pokemon Journey Together,58,Ungraded,Normal wear,,,0,1,2025-04-20,,,,REVERSE HOLO LOT
8538759,RJ Barrett #101,Basketball Cards 2024 Panini Prizm,110,Ungraded,Normal wear,,,0,1,2025-04-17,,,,
8773430,Ben Simmons [Choice Red] #111,Basketball Cards 2024 Panini Donruss,400,Ungraded,Normal wear,,,0,1,2025-04-16,,,,2025 PRIZMS
4081,Mario vs. Donkey Kong 2 March of Minis,Nintendo DS,1476,"Item, Box, and Manual",Normal wear,,,0,1,2025-05-06,,,,
2575569,Warrior Dai Grepher [1st Edition] SYE-014,YuGiOh Starter Deck: Yugi Evolution,26,Ungraded,Normal wear,,,0,2,2025-04-18,,,,YUGIOH
844899,Charizard GX #SM211,Pokemon Promo,1028,Ungraded,Normal wear,,,0,1,2025-04-16,,,,CHECK CENTERING
2543598,Precious Cards from Beyond DCR-038,YuGiOh Dark Crisis,104,Ungraded,Normal wear,,,0,1,2025-04-18,,,,YUGIOH
2543624,Goblin of Greed DCR-065,YuGiOh Dark Crisis,18,Ungraded,Normal wear,,,0,1,2025-04-18,,,,YUGIOH
8871121,N's Reshiram #116,Pokemon Journey Together,204,Ungraded,Normal wear,,,0,3,2025-04-20,,,,HOLO LOT
8561369,Bub Carrington #17,Basketball Cards 2024 Panini Prizm Instant Impact,159,Ungraded,Normal wear,,,0,1,2025-04-18,,,,
2602,Super Mario Advance 4: Super Mario Bros. 3,GameBoy Advance,1741,Item only,Normal wear,,,0,1,2025-05-06,,,,
8871252,Shuppet #59,Pokemon Journey Together,10,Ungraded,Normal wear,,,0,2,2025-04-20,,,,
2575305,Reinforcements SDP-042,YuGiOh Starter Deck: Pegasus,83,Ungraded,Normal wear,,,0,1,2025-04-18,,,,YUGIOH
2593895,Harpie's Feather Duster SDD-003,YuGiOh Worldwide Edition: Stairway to the Destined Duel,659,Ungraded,Normal wear,,,0,1,2025-04-18,,,,CHECK CENTERING
8836712,Tyrese Haliburton [Maroon] #70,Basketball Cards 2024 Panini Origins,453,Ungraded,Normal wear,,,0,1,2025-04-16,,,,NOT A 10
8871059,N's Zorua #97,Pokemon Journey Together,126,Ungraded,Normal wear,,,0,3,2025-04-20,,,,
2575273,Toon Alligator SDP-009,YuGiOh Starter Deck: Pegasus,79,Ungraded,Normal wear,,,0,1,2025-04-18,,,,CHECK CENTERING
8531110,Devin Booker #8,Basketball Cards 2024 Panini Prizm,157,Ungraded,Normal wear,,,0,1,2025-04-17,,,,
2122,Donkey Kong Country 3,GameBoy Advance,2033,Item only,Normal wear,,,0,1,2025-05-06,,,,
8537413,Domantas Sabonis [Red White Blue] #86,Basketball Cards 2024 Panini Prizm,192,Ungraded,Normal wear,,,0,1,2025-04-19,,,,2025 PRIZMS
2543627,Shadowknight Archfiend DCR-068,YuGiOh Dark Crisis,26,Ungraded,Normal wear,,,0,1,2025-04-18,,,,YUGIOH
643426,Muk #13,Pokemon Fossil,499,Ungraded,Normal wear,,,0,1,2025-04-16,,,,PERSONAL COLLECTION
2594036,Watapon MOV-EN003,YuGiOh Movie Pack,237,Ungraded,Normal wear,,,0,1,2025-04-18,,,,YUGIOH
8871194,Black Belt's Training [Reverse Holo] #144,Pokemon Journey Together,35,Ungraded,Normal wear,,,0,1,2025-04-20,,,,REVERSE HOLO LOT
4934119,Dedenne [Reverse Holo] #94,Pokemon Scarlet & Violet,77,Ungraded,Normal wear,,,0,1,2025-04-16,,,,REVERSE HOLO LOT
8871132,Nymble #19,Pokemon Journey Together,14,Ungraded,Normal wear,,,0,2,2025-04-20,,,,
19302,Pokemon Colosseum [Bonus Disc],Gamecube,24500,"Item, Box, and Manual",Normal wear,,,0,1,2025-05-06,,,,
2575096,Monster Reborn SDK-036,YuGiOh Starter Deck: Kaiba,101,Ungraded,Normal wear,,,0,1,2025-04-18,,,,CHECK CENTERING
2531159,Stone Ogre Grotto MRL-058,YuGiOh Magic Ruler,19,Ungraded,Normal wear,,,0,1,2025-04-18,,,,YUGIOH
2543533,Emblem of Dragon Destroyer [1st Edition] MFC-090,YuGiOh Magician's Force,75,Ungraded,Normal wear,,,0,1,2025-04-18,,,,YUGIOH
8871140,Combusken [Reverse Holo] #23,Pokemon Journey Together,15,Ungraded,Normal wear,,,0,1,2025-04-20,,,,REVERSE HOLO LOT
2543967,Pinch Hopper [1st Edition] IOC-078,YuGiOh Invasion of Chaos,144,Ungraded,Normal wear,,,0,1,2025-04-18,,,,YUGIOH
2530596,Mystical Sheep #2 LOB-037,YuGiOh Legend of Blue Eyes White Dragon,140,Ungraded,Normal wear,,,0,1,2025-04-18,,,,YUGIOH
2546193,"Zure, Knight of Dark World EEN-EN001",YuGiOh Elemental Energy,38,Ungraded,Normal wear,,,0,1,2025-04-18,,,,YUGIOH
8871262,N's Sigilyph #64,Pokemon Journey Together,18,Ungraded,Normal wear,,,0,2,2025-04-20,,,,
8871358,Regirock [Reverse Holo] #82,Pokemon Journey Together,52,Ungraded,Normal wear,,,0,1,2025-04-20,,,,REVERSE HOLO LOT
8871063,Caterpie #1,Pokemon Journey Together,20,Ungraded,Normal wear,,,0,2,2025-04-20,,,,
8871136,Magmortar [Reverse Holo] #21,Pokemon Journey Together,30,Ungraded,Normal wear,,,0,1,2025-04-20,,,,REVERSE HOLO LOT
8545648,Trayce Jackson-Davis [Red White Blue] #188,Basketball Cards 2024 Panini Prizm,99,Ungraded,Normal wear,,,0,1,2025-04-19,,,,2025 PRIZMS
8871087,Paras [Reverse Holo] #4,Pokemon Journey Together,14,Ungraded,Normal wear,,,0,1,2025-04-20,,,,REVERSE HOLO LOT
8560683,Ryan Dunn [Green] #22,Basketball Cards 2024 Panini Prizm Emergent,119,Ungraded,Normal wear,,,0,1,2025-04-17,,,,2025 PRIZMS
1341707,Spinarak [Reverse Holo] #43,Pokemon Shining Fates,29,Ungraded,Normal wear,,,0,1,2025-04-16,,,,REVERSE HOLO LOT
8871243,Iono's Kilowattrel [Holo] #55,Pokemon Journey Together,49,Ungraded,Normal wear,,,0,1,2025-04-20,,,,HOLO LOT
2531495,Spikebot PSV-081,YuGiOh Pharaoh's Servant,21,Ungraded,Normal wear,,,0,1,2025-04-18,,,,YUGIOH
8871134,Minccino [Reverse Holo] #125,Pokemon Journey Together,146,Ungraded,Normal wear,,,0,1,2025-04-20,,,,REVERSE HOLO LOT
2594035,Sorcerer of Dark Magic MOV-EN002,YuGiOh Movie Pack,401,Ungraded,Normal wear,,,0,1,2025-04-18,,,,PERSONAL COLLECTION
3376,Mario Party 4,Gamecube,5261,Item only,Normal wear,,,0,1,2025-05-06,,,,
8532794,Michael Porter Jr. #29,Basketball Cards 2024 Panini Prizm,99,Ungraded,Normal wear,,,0,1,2025-04-19,,,,
1341696,Snom [Reverse Holo] #29,Pokemon Shining Fates,101,Ungraded,Normal wear,,,0,1,2025-04-16,,,,REVERSE HOLO LOT
8871251,Mr. Mime #58,Pokemon Journey Together,13,Ungraded,Normal wear,,,0,1,2025-04-20,,,,
8544959,Trey Murphy III #173,Basketball Cards 2024 Panini Prizm,99,Ungraded,Normal wear,,,0,1,2025-04-19,,,,
3457593,Sabrina's Gengar #94,Pokemon Japanese Challenge from the Darkness,21400,Ungraded,Normal wear,,,0,1,2025-04-16,,,,CHECK CENTERING
2288,Kirby and the Amazing Mirror,GameBoy Advance,2951,Item only,Normal wear,,,0,1,2025-05-06,,,,
2531455,Flame Champion PSV-041,YuGiOh Pharaoh's Servant,25,Ungraded,Normal wear,,,0,1,2025-04-18,,,,YUGIOH
8531918,Andre Drummond #18,Basketball Cards 2024 Panini Prizm,155,Ungraded,Normal wear,,,0,1,2025-04-17,,,,
3150,64MB 1019 Block Memory Card,Gamecube,2326,Item only,Normal wear,,,0,1,2025-05-06,,,,
8871346,Lillie's Ribombee [Reverse Holo] #67,Pokemon Journey Together,33,Ungraded,Normal wear,,,0,1,2025-04-20,,,,REVERSE HOLO LOT
8556101,Duncan Robinson #190,Basketball Cards 2024 Panini Prizm,125,Ungraded,Normal wear,,,0,1,2025-04-17,,,,
2544293,Tailor of the Fickle DB1-EN026,YuGiOh Dark Beginning 1,40,Ungraded,Normal wear,,,0,1,2025-04-18,,,,YUGIOH
2575269,Rogue Doll SDP-005,YuGiOh Starter Deck: Pegasus,18,Ungraded,Normal wear,,,0,1,2025-04-18,,,,YUGIOH
2575067,Judge Man SDK-007,YuGiOh Starter Deck: Kaiba,118,Ungraded,Normal wear,,,0,1,2025-04-18,,,,YUGIOH
8537967,Malik Monk #93,Basketball Cards 2024 Panini Prizm,117,Ungraded,Normal wear,,,0,1,2025-04-17,,,,
2575563,Backup Soldier [1st Edition] SYE-047,YuGiOh Starter Deck: Yugi Evolution,57,Ungraded,Normal wear,,,0,1,2025-04-18,,,,YUGIOH
2546168,Fusion Recovery [1st Edition] CRV-EN038,YuGiOh Cybernetic Revolution,35,Ungraded,Normal wear,,,0,1,2025-04-18,,,,YUGIOH
2333,Mario and Luigi Superstar Saga,GameBoy Advance,2189,Item only,Normal wear,,,0,1,2025-05-06,,,,
2593852,Negate Attack TSC-003,YuGiOh The Sacred Cards,678,Ungraded,Normal wear,,,0,1,2025-04-16,,,,YUGIOH
8548568,Kyshawn George #257,Basketball Cards 2024 Panini Prizm,149,Ungraded,Normal wear,,,0,1,2025-04-17,,,,
2575380,Dragon Zombie SDY-014,YuGiOh Starter Deck: Yugi,284,Ungraded,Normal wear,,,0,2,2025-04-18,,,,CHECK CENTERING
2575565,Disappear [1st Edition] SYE-049,YuGiOh Starter Deck: Yugi Evolution,20,Ungraded,Normal wear,,,0,1,2025-04-18,,,,YUGIOH
8846234,Karl-Anthony Towns [Green] #141,Basketball Cards 2024 Panini Prizm,175,Ungraded,Normal wear,,,0,1,2025-04-19,,,,2025 PRIZMS
8871310,Lycanroc #85,Pokemon Journey Together,224,Ungraded,Normal wear,,,0,2,2025-04-20,,,,
2575272,Aqua Madoor SDP-008,YuGiOh Starter Deck: Pegasus,72,Ungraded,Normal wear,,,0,1,2025-04-18,,,,YUGIOH
3925,Super Smash Bros.,Nintendo 64,5060,Item only,Normal wear,,,0,1,2025-05-06,,,,
5605855,Barboach [Reverse Holo] #108,Pokemon Obsidian Flames,14,Ungraded,Normal wear,,,0,1,2025-04-16,,,,REVERSE HOLO LOT
1341663,Toxtricity VMAX #SV113,Pokemon Shining Fates,355,Ungraded,Normal wear,,,0,1,2025-04-16,,,,
8549653,Gilbert Arenas [Silver] #275,Basketball Cards 2024 Panini Prizm,100,Ungraded,Normal wear,,,0,1,2025-04-18,,,,2025 PRIZMS
8871125,Meowscarada [Reverse Holo] #18,Pokemon Journey Together,50,Ungraded,Normal wear,,,0,1,2025-04-20,,,,REVERSE HOLO LOT
4934080,Bruxish [Reverse Holo] #51,Pokemon Scarlet & Violet,16,Ungraded,Normal wear,,,0,1,2025-04-16,,,,REVERSE HOLO LOT
2717,Yu-Gi-Oh Eternal Duelist Soul,GameBoy Advance,1196,Item only,Normal wear,,,0,1,2025-05-06,,,,
8532889,LaMelo Ball [Red White Blue] #30,Basketball Cards 2024 Panini Prizm,109,Ungraded,Normal wear,,,0,1,2025-04-17,,,,2025 PRIZMS
4051,Harvest Moon DS,Nintendo DS,2403,Item only,Normal wear,,,0,1,2025-05-06,,,,
5605773,Steenee [Reverse Holo] #17,Pokemon Obsidian Flames,15,Ungraded,Normal wear,,,0,1,2025-04-16,,,,REVERSE HOLO LOT
2722,Yu-Gi-Oh World Championship Tournament 2004,GameBoy Advance,1000,Item only,Normal wear,,,0,1,2025-05-06,,,,
8871067,Paras #4,Pokemon Journey Together,32,Ungraded,Normal wear,,,0,2,2025-04-20,,,,
8550164,DaRon Holmes II #235,Basketball Cards 2024 Panini Prizm,242,Ungraded,Normal wear,,,0,2,2025-04-17,,,,
3257,Donkey Konga w/ Bongo,Gamecube,4650,Item only,Normal wear,,,0,1,2025-05-06,,,,
1656635,Single Strike Urshifu V #SWSH106,Pokemon Promo,245,Ungraded,Normal wear,,,0,1,2025-04-16,,,,
8871072,Bombirdier #101,Pokemon Journey Together,26,Ungraded,Normal wear,,,0,2,2025-04-20,,,,
8871365,Toedscruel [Reverse Holo] #89,Pokemon Journey Together,84,Ungraded,Normal wear,,,0,1,2025-04-20,,,,REVERSE HOLO LOT
8871091,Lilligant [Reverse Holo] #7,Pokemon Journey Together,23,Ungraded,Normal wear,,,0,1,2025-04-20,,,,REVERSE HOLO LOT
1341580,Cramorant #SV030,Pokemon Shining Fates,99,Ungraded,Normal wear,,,0,1,2025-04-16,,,,HOLO LOT
8871074,Lilligant #7,Pokemon Journey Together,44,Ungraded,Normal wear,,,0,2,2025-04-20,,,,
8871350,Morgrem [Reverse Holo] #72,Pokemon Journey Together,11,Ungraded,Normal wear,,,0,1,2025-04-20,,,,REVERSE HOLO LOT
2543642,Dragged Down into the Grave DCR-084,YuGiOh Dark Crisis,40,Ungraded,Normal wear,,,0,1,2025-04-18,,,,YUGIOH
3584,Super Mario Sunshine,Gamecube,4580,"Item, Box, and Manual",Normal wear,,,0,1,2025-05-06,,,,
8871336,Metagross [Reverse Holo] #63,Pokemon Journey Together,117,Ungraded,Normal wear,,,0,1,2025-04-20,,,,REVERSE HOLO LOT
8871202,Wailord #41,Pokemon Journey Together,130,Ungraded,Normal wear,,,0,2,2025-04-20,,,,
8550045,Cameron Johnson #202,Basketball Cards 2024 Panini Prizm,99,Ungraded,Normal wear,,,0,1,2025-04-17,,,,
8555449,Tidjane Salaun [Red White Blue] #262,Basketball Cards 2024 Panini Prizm,153,Ungraded,Normal wear,,,0,1,2025-04-17,,,,2025 PRIZMS
5605654,Darkrai [Holo] #136,Pokemon Obsidian Flames,73,Ungraded,Normal wear,,,0,1,2025-04-16,,,,HOLO LOT
8538636,Scottie Barnes [Red White Blue] #16,Basketball Cards 2024 Panini Prizm,199,Ungraded,Normal wear,,,0,1,2025-04-17,,,,2025 PRIZMS
4277101,Serperior V #TG13,Pokemon Silver Tempest,1558,Ungraded,Normal wear,,,0,1,2025-04-16,,,,CLEAN AND SEND
5605590,Toxtricity [Holo] #72,Pokemon Obsidian Flames,19,Ungraded,Normal wear,,,0,1,2025-04-16,,,,HOLO LOT
8536020,Terance Mann #69,Basketball Cards 2024 Panini Prizm,25,Ungraded,Normal wear,,,0,1,2025-04-17,,,,
8541967,Stephen Curry #134,Basketball Cards 2024 Panini Prizm,199,Ungraded,Normal wear,,,0,1,2025-04-19,,,,
8546922,Dennis Schroder [Ruby Wave] #218,Basketball Cards 2024 Panini Prizm,75,Ungraded,Normal wear,,,0,1,2025-04-16,,,,2025 PRIZMS
2544784,Catnipped Kitty FET-EN013,YuGiOh Flaming Eternity,48,Ungraded,Normal wear,,,0,1,2025-04-18,,,,YUGIOH
8871106,Sprigatito #16,Pokemon Journey Together,144,Ungraded,Normal wear,,,0,2,2025-04-20,,,,
886638,Makuhita [Reverse Holo] #58,Pokemon Ruby & Sapphire,393,Ungraded,Normal wear,,,0,1,2025-04-18,,,,CHECK CENTERING
2202,Gameboy Advance Game Link Cable,GameBoy Advance,2420,Item only,Normal wear,,,0,1,2025-05-06,,,,
8871167,Hop's Wooloo [Reverse Holo] #135,Pokemon Journey Together,30,Ungraded,Normal wear,,,0,1,2025-04-20,,,,REVERSE HOLO LOT
8545603,Kevin Durant [Red White Blue] #187,Basketball Cards 2024 Panini Prizm,99,Ungraded,Normal wear,,,0,1,2025-04-19,,,,2025 PRIZMS
2575296,Rush Recklessly SDP-033,YuGiOh Starter Deck: Pegasus,62,Ungraded,Normal wear,,,0,1,2025-04-18,,,,YUGIOH
5669071,Poppy [Reverse Holo] #193,Pokemon Obsidian Flames,37,Ungraded,Normal wear,,,0,1,2025-04-16,,,,REVERSE HOLO LOT
8546525,Malaki Branham #209,Basketball Cards 2024 Panini Prizm,99,Ungraded,Normal wear,,,0,1,2025-04-17,,,,
964078,Jessie & James #58,Pokemon Hidden Fates,262,Ungraded,Normal wear,,,0,1,2025-04-16,,,,HOLO LOT
1341647,Bunnelby #SV097,Pokemon Shining Fates,206,Ungraded,Normal wear,,,0,2,2025-04-16,,,,HOLO LOT
2545469,Batteryman AA TLM-EN030,YuGiOh The Lost Millennium,215,Ungraded,Normal wear,,,0,1,2025-04-18,,,,YUGIOH
19625,Scribblenauts,Nintendo DS,647,"Item, Box, and Manual",Normal wear,,,0,1,2025-05-06,,,,
2575209,D. Tribe SKE-050,YuGiOh Starter Deck: Kaiba Evolution,13,Ungraded,Normal wear,,,0,1,2025-04-18,,,,YUGIOH
8537983,Malik Monk [Red White Blue] #93,Basketball Cards 2024 Panini Prizm,159,Ungraded,Normal wear,,,0,1,2025-04-17,,,,2025 PRIZMS
8871154,Skwovet [Reverse Holo] #131,Pokemon Journey Together,34,Ungraded,Normal wear,,,0,1,2025-04-20,,,,REVERSE HOLO LOT
2542844,Super Roboyarou LOD-074,YuGiOh Legacy of Darkness,116,Ungraded,Normal wear,,,0,1,2025-04-18,,,,YUGIOH
2542844,Super Roboyarou LOD-074,YuGiOh Legacy of Darkness,116,Ungraded,Normal wear,,,0,1,2025-04-18,,,,YUGIOH
8871095,Maractus [Reverse Holo] #8,Pokemon Journey Together,20,Ungraded,Normal wear,,,0,1,2025-04-20,,,,REVERSE HOLO LOT
1656613,Eldegoss V #SWSH084,Pokemon Promo,99,Ungraded,Normal wear,,,0,1,2025-04-16,,,,
8534886,Harrison Barnes #55,Basketball Cards 2024 Panini Prizm,99,Ungraded,Normal wear,,,0,1,2025-04-19,,,,
4934212,Rock Chestplate [Reverse Holo] #192,Pokemon Scarlet & Violet,19,Ungraded,Normal wear,,,0,1,2025-04-16,,,,REVERSE HOLO LOT
2575407,Soul Exchange SDY-041,YuGiOh Starter Deck: Yugi,147,Ungraded,Normal wear,,,0,1,2025-04-16,,,,YUGIOH
1341568,Sizzlipede #SV018,Pokemon Shining Fates,158,Ungraded,Normal wear,,,0,1,2025-04-16,,,,HOLO LOT
8871069,Lokix #100,Pokemon Journey Together,87,Ungraded,Normal wear,,,0,3,2025-04-20,,,,
2575393,Fissure SDY-026,YuGiOh Starter Deck: Yugi,50,Ungraded,Normal wear,,,0,1,2025-04-18,,,,YUGIOH
8555360,Baylor Scheierman #236,Basketball Cards 2024 Panini Prizm,138,Ungraded,Normal wear,,,0,1,2025-04-19,,,,
3293,Fire Emblem Path of Radiance,Gamecube,17710,Item only,Normal wear,,,0,1,2025-05-06,,,,
8537316,Giannis Antetokounmpo #85,Basketball Cards 2024 Panini Prizm,144,Ungraded,Normal wear,,,0,1,2025-04-19,,,,
1341581,Arrokuda #SV031,Pokemon Shining Fates,142,Ungraded,Normal wear,,,0,1,2025-04-16,,,,HOLO LOT
4934117,Floette [Reverse Holo] #92,Pokemon Scarlet & Violet,15,Ungraded,Normal wear,,,0,1,2025-04-16,,,,REVERSE HOLO LOT
4933881,Houndstone [Holo] #106,Pokemon Scarlet & Violet,6,Ungraded,Normal wear,,,0,1,2025-04-16,,,,HOLO LOT
2593883,Gamma The Magnet Warrior DOR-003,YuGiOh The Duelists of the Roses,703,Ungraded,Normal wear,,,0,1,2025-04-16,,,,CHECK CENTERING
8551602,Larry Bird #299,Basketball Cards 2024 Panini Prizm,175,Ungraded,Normal wear,,,0,1,2025-04-19,,,,
8871088,Shelmet #12,Pokemon Journey Together,10,Ungraded,Normal wear,,,0,2,2025-04-20,,,,
8543173,Marvin Bagley III #145,Basketball Cards 2024 Panini Prizm,100,Ungraded,Normal wear,,,0,1,2025-04-17,,,,
3338,Indigo Controller,Gamecube,3200,Item only,Normal wear,,,0,1,2025-05-06,,,,
8545314,James Harden #181,Basketball Cards 2024 Panini Prizm,149,Ungraded,Normal wear,,,0,1,2025-04-17,,,,
8558085,Jaylen Wells [Red White Blue] #239,Basketball Cards 2024 Panini Prizm,156,Ungraded,Normal wear,,,0,1,2025-04-19,,,,2025 PRIZMS
8545002,P.J. Washington Jr. #174,Basketball Cards 2024 Panini Prizm,100,Ungraded,Normal wear,,,0,1,2025-04-19,,,,
8871050,Koffing #91,Pokemon Journey Together,66,Ungraded,Normal wear,,,0,2,2025-04-20,,,,
2546200,Elemental HERO Wildheart EEN-EN008,YuGiOh Elemental Energy,44,Ungraded,Normal wear,,,0,1,2025-04-18,,,,YUGIOH
4934079,Clawitzer [Reverse Holo] #50,Pokemon Scarlet & Violet,25,Ungraded,Normal wear,,,0,1,2025-04-16,,,,REVERSE HOLO LOT
8556152,Norman Powell #203,Basketball Cards 2024 Panini Prizm,198,Ungraded,Normal wear,,,0,2,2025-04-17,,,,
8871259,Metang #62,Pokemon Journey Together,20,Ungraded,Normal wear,,,0,2,2025-04-20,,,,
3869,Pokemon Snap,Nintendo 64,2001,Item only,Normal wear,,,0,1,2025-05-06,,,,
2575001,Just Desserts SDJ-042,YuGiOh Starter Deck: Joey,100,Ungraded,Normal wear,,,0,1,2025-04-18,,,,YUGIOH
4125,Pokemon Ranger,Nintendo DS,4215,"Item, Box, and Manual",Normal wear,,,0,1,2025-05-06,,,,
2531124,Liquid Beast MRL-023,YuGiOh Magic Ruler,25,Ungraded,Normal wear,,,0,1,2025-04-18,,,,YUGIOH
8871090,Magearna #107,Pokemon Journey Together,86,Ungraded,Normal wear,,,0,2,2025-04-20,,,,HOLO LOT
5605868,Glimmet [Reverse Holo] #122,Pokemon Obsidian Flames,25,Ungraded,Normal wear,,,0,1,2025-04-16,,,,REVERSE HOLO LOT
2575561,Spellbinding Circle [1st Edition] SYE-045,YuGiOh Starter Deck: Yugi Evolution,157,Ungraded,Normal wear,,,0,1,2025-04-18,,,,YUGIOH
8560666,Bub Carrington #20,Basketball Cards 2024 Panini Prizm Emergent,95,Ungraded,Normal wear,,,0,1,2025-04-17,,,,
2575537,Sonic Bird [1st Edition] SYE-021,YuGiOh Starter Deck: Yugi Evolution,74,Ungraded,Normal wear,,,0,1,2025-04-18,,,,YUGIOH
5610387,Vengeful Punch [Reverse Holo] #197,Pokemon Obsidian Flames,52,Ungraded,Normal wear,,,0,1,2025-04-16,,,,REVERSE HOLO LOT
2285,Kingdom Hearts Chain of Memories,GameBoy Advance,2022,Item only,Normal wear,,,0,1,2025-05-06,,,,
8555577,Hakeem Olajuwon #296,Basketball Cards 2024 Panini Prizm,105,Ungraded,Normal wear,,,0,1,2025-04-19,,,,
4106,Nintendogs Dachshund and Friends,Nintendo DS,1569,"Item, Box, and Manual",Normal wear,,,0,1,2025-05-06,,,,
2575180,Kaiser Sea Horse SKE-015,YuGiOh Starter Deck: Kaiba Evolution,92,Ungraded,Normal wear,,,0,1,2025-04-18,,,,YUGIOH
8538047,Scoot Henderson #94,Basketball Cards 2024 Panini Prizm,142,Ungraded,Normal wear,,,0,1,2025-04-17,,,,
2254,Indigo Gameboy Advance System,GameBoy Advance,7300,Item only,Normal wear,,,0,1,2025-05-06,,,,
2575290,Dark Hole SDP-026,YuGiOh Starter Deck: Pegasus,59,Ungraded,Normal wear,,,0,1,2025-04-18,,,,YUGIOH
2575480,Neo the Magic Swordsman SYE-012,YuGiOh Starter Deck: Yugi Evolution,50,Ungraded,Normal wear,,,0,1,2025-04-18,,,,YUGIOH
2545013,Amazoness Tiger DR1-EN118,YuGiOh Dark Revelation Volume 1,66,Ungraded,Normal wear,,,0,1,2025-04-18,,,,YUGIOH
5605766,Foongus [Reverse Holo] #9,Pokemon Obsidian Flames,30,Ungraded,Normal wear,,,0,2,2025-04-16,,,,REVERSE HOLO LOT
2575294,Stop Defense SDP-031,YuGiOh Starter Deck: Pegasus,149,Ungraded,Normal wear,,,0,1,2025-04-18,,,,YUGIOH
2575074,Dark Titan of Terror SDK-014,YuGiOh Starter Deck: Kaiba,66,Ungraded,Normal wear,,,0,1,2025-04-18,,,,YUGIOH
2545441,Elemental Hero Burstinatrix TLM-EN002,YuGiOh The Lost Millennium,124,Ungraded,Normal wear,,,0,1,2025-04-18,,,,CHECK CENTERING
8871309,N's Joltik [Reverse Holo] #49,Pokemon Journey Together,25,Ungraded,Normal wear,,,0,1,2025-04-20,,,,REVERSE HOLO LOT
2470,Powerpuff Girls Him and Seek,GameBoy Advance,1499,Item only,Normal wear,,,0,1,2025-05-06,,,,
2573338,Dark Magician BPT-007,YuGiOh 2003 Collector's Tin,3250,Ungraded,Normal wear,,,0,1,2025-04-16,,,,CHECK CENTERING
8547739,Johnny Furphy [Red White Blue] #237,Basketball Cards 2024 Panini Prizm,199,Ungraded,Normal wear,,,0,1,2025-04-17,,,,2025 PRIZMS
70537,Animal Crossing Player's Guide,Strategy Guide,2601,Item only,Normal wear,,,0,1,2025-05-06,,,,
4934151,Seviper [Reverse Holo] #128,Pokemon Scarlet & Violet,13,Ungraded,Normal wear,,,0,1,2025-04-16,,,,REVERSE HOLO LOT
8536501,Lonzo Ball #75,Basketball Cards 2024 Panini Prizm,134,Ungraded,Normal wear,,,0,1,2025-04-17,,,,
2575205,Light of Intervention SKE-046,YuGiOh Starter Deck: Kaiba Evolution,62,Ungraded,Normal wear,,,0,1,2025-04-18,,,,YUGIOH
1972538,Pokemon Gale of Darkness Player's Guide,Strategy Guide,3600,Item only,Normal wear,,,0,1,2025-05-06,,,,
2543657,Archfiend's Roar DCR-099,YuGiOh Dark Crisis,22,Ungraded,Normal wear,,,0,1,2025-04-18,,,,YUGIOH
7468590,Toph #537,Funko POP Animation,1600,Brand New,Normal wear,,,0,1,2025-04-16,,,,
8871225,Lotad [Reverse Holo] #35,Pokemon Journey Together,18,Ungraded,Normal wear,,,0,1,2025-04-20,,,,REVERSE HOLO LOT
1341627,Galarian Weezing #SV077,Pokemon Shining Fates,280,Ungraded,Normal wear,,,0,1,2025-04-16,,,,HOLO LOT
8537397,Domantas Sabonis #86,Basketball Cards 2024 Panini Prizm,99,Ungraded,Normal wear,,,0,1,2025-04-19,,,,
8871299,Alolan Golem [Reverse Holo] #46,Pokemon Journey Together,44,Ungraded,Normal wear,,,0,1,2025-04-20,,,,REVERSE HOLO LOT
4836381,Bennedict Mathurin #206,Basketball Cards 2022 Panini Donruss,149,Ungraded,Normal wear,,,0,1,2025-04-16,,,,
8839651,Tyrese Haliburton #3,Basketball Cards 2024 Panini Origins Euphoria,320,Ungraded,Normal wear,,,0,1,2025-04-16,,,,NOT A 10
2575183,Spirit Ryu SKE-023,YuGiOh Starter Deck: Kaiba Evolution,43,Ungraded,Normal wear,,,0,1,2025-04-18,,,,YUGIOH
8535776,Derrick White #66,Basketball Cards 2024 Panini Prizm,304,Ungraded,Normal wear,,,0,1,2025-04-17,,,,
8539324,Dorian Finney-Smith #108,Basketball Cards 2024 Panini Prizm,150,Ungraded,Normal wear,,,0,1,2025-04-19,,,,
2545461,Medusa Worm TLM-EN022,YuGiOh The Lost Millennium,59,Ungraded,Normal wear,,,0,1,2025-04-18,,,,YUGIOH
1673201,Entei #20,Pokemon Battle Styles,69,Ungraded,Normal wear,,,0,1,2025-04-16,,,,HOLO LOT
3583,Super Mario Strikers,Gamecube,4744,Item only,Normal wear,,,0,1,2025-05-06,,,,
4933988,Greavard #214,Pokemon Scarlet & Violet,1698,Ungraded,Normal wear,,,0,1,2025-04-16,,,,CHECK CENTERING
2530678,Monster Reborn LOB-118,YuGiOh Legend of Blue Eyes White Dragon,1188,Ungraded,Normal wear,,,0,1,2025-04-18,,,,PERSONAL COLLECTION
8871370,Tyranitar [Reverse Holo] #95,Pokemon Journey Together,55,Ungraded,Normal wear,,,0,1,2025-04-20,,,,REVERSE HOLO LOT
1341613,Galarian Sirfetch'd #SV064,Pokemon Shining Fates,125,Ungraded,Normal wear,,,0,1,2025-04-16,,,,HOLO LOT
2575277,Mask of Darkness SDP-013,YuGiOh Starter Deck: Pegasus,60,Ungraded,Normal wear,,,0,1,2025-04-18,,,,YUGIOH
2575200,Fairy Meteor Crush SKE-040,YuGiOh Starter Deck: Kaiba Evolution,74,Ungraded,Normal wear,,,0,1,2025-04-18,,,,YUGIOH
2543940,Tower of Babel [1st Edition] IOC-050,YuGiOh Invasion of Chaos,50,Ungraded,Normal wear,,,0,1,2025-04-18,,,,YUGIOH
1341552,Dartrix #SV002,Pokemon Shining Fates,272,Ungraded,Normal wear,,,0,1,2025-04-16,,,,HOLO LOT
4934060,Scovillain [Reverse Holo] #29,Pokemon Scarlet & Violet,16,Ungraded,Normal wear,,,0,1,2025-04-16,,,,REVERSE HOLO LOT
8871212,Hop's Cramorant #138,Pokemon Journey Together,51,Ungraded,Normal wear,,,0,3,2025-04-20,,,,
8561281,Yves Missi #6,Basketball Cards 2024 Panini Prizm Instant Impact,149,Ungraded,Normal wear,,,0,1,2025-04-19,,,,
8871100,Durant #14,Pokemon Journey Together,26,Ungraded,Normal wear,,,0,2,2025-04-20,,,,
5605871,Paldean Clodsire [Reverse Holo] #128,Pokemon Obsidian Flames,29,Ungraded,Normal wear,,,0,1,2025-04-16,,,,REVERSE HOLO LOT
8560343,Giannis Antetokounmpo [Green] #4,Basketball Cards 2024 Panini Prizm Dominance,125,Ungraded,Normal wear,,,0,1,2025-04-17,,,,2025 PRIZMS
8551359,Magic Johnson [Red White Blue] #294,Basketball Cards 2024 Panini Prizm,150,Ungraded,Normal wear,,,0,1,2025-04-19,,,,2025 PRIZMS
8871076,Maractus #8,Pokemon Journey Together,36,Ungraded,Normal wear,,,0,3,2025-04-20,,,,
4933830,Quaquaval [Holo] #54,Pokemon Scarlet & Violet,12,Ungraded,Normal wear,,,0,1,2025-04-16,,,,HOLO LOT
3304,Gameboy Player with Startup Disc,Gamecube,14779,Item only,Normal wear,,,0,1,2025-05-06,,,,
2575167,Uraby SKE-006,YuGiOh Starter Deck: Kaiba Evolution,57,Ungraded,Normal wear,,,0,1,2025-04-18,,,,YUGIOH
4277098,Smeargle #TG10,Pokemon Silver Tempest,300,Ungraded,Normal wear,,,0,1,2025-04-16,,,,NOT A 10
8871052,Paldean Wooper #93,Pokemon Journey Together,14,Ungraded,Normal wear,,,0,2,2025-04-20,,,,
1341546,Piers #69,Pokemon Shining Fates,201,Ungraded,Normal wear,,,0,1,2025-04-16,,,,
8538212,Tyrese Maxey #96,Basketball Cards 2024 Panini Prizm,99,Ungraded,Normal wear,,,0,1,2025-04-19,,,,
8551729,Kevin Durant #187,Basketball Cards 2024 Panini Prizm,129,Ungraded,Normal wear,,,0,1,2025-04-19,,,,
2186,Fire Emblem Sacred Stones,GameBoy Advance,4103,Item only,Normal wear,,,0,1,2025-05-06,,,,
8548584,Kyshawn George [Pink] #257,Basketball Cards 2024 Panini Prizm,1274,Ungraded,Normal wear,,,0,1,2025-04-19,,,,2025 PRIZMS
8786382,Stephen Curry #4,Basketball Cards 2024 Panini Donruss Zero Gravity,175,Ungraded,Normal wear,,,0,1,2025-04-16,,,,
2575368,Feral Imp SDY-002,YuGiOh Starter Deck: Yugi,230,Ungraded,Normal wear,,,0,1,2025-04-18,,,,CHECK CENTERING
8560390,Joel Embiid #10,Basketball Cards 2024 Panini Prizm Dominance,149,Ungraded,Normal wear,,,0,1,2025-04-19,,,,
2575271,Giant Soldier of Stone SDP-007,YuGiOh Starter Deck: Pegasus,25,Ungraded,Normal wear,,,0,1,2025-04-18,,,,YUGIOH
8871265,Oricorio #65,Pokemon Journey Together,10,Ungraded,Normal wear,,,0,1,2025-04-20,,,,
8871317,Iono's Wattrel [Reverse Holo] #54,Pokemon Journey Together,17,Ungraded,Normal wear,,,0,1,2025-04-20,,,,REVERSE HOLO LOT
2530840,Ocubeam MRD-030,YuGiOh Metal Raiders,84,Ungraded,Normal wear,,,0,1,2025-04-18,,,,YUGIOH
8537071,Ben Simmons #82,Basketball Cards 2024 Panini Prizm,99,Ungraded,Normal wear,,,0,1,2025-04-19,,,,
3982,Animal Crossing Wild World,Nintendo DS,4997,"Item, Box, and Manual",Normal wear,,,0,1,2025-05-06,,,,
4189,Yu-Gi-Oh Nightmare Troubadour,Nintendo DS,2751,Item only,Normal wear,,,0,1,2025-05-06,,,,
3870,Pokemon Stadium,Nintendo 64,2623,Item only,Normal wear,,,0,1,2025-05-06,,,,
5605742,Revavroom ex #224,Pokemon Obsidian Flames,462,Ungraded,Normal wear,,,0,1,2025-04-16,,,,
8532392,Keldon Johnson #24,Basketball Cards 2024 Panini Prizm,100,Ungraded,Normal wear,,,0,1,2025-04-19,,,,
1673363,Shinx [Holo] #46,Pokemon Battle Styles,179,Ungraded,Normal wear,,,0,1,2025-04-16,,,,HOLO LOT
2575179,Hane-Hane SKE-019,YuGiOh Starter Deck: Kaiba Evolution,60,Ungraded,Normal wear,,,0,1,2025-04-18,,,,YUGIOH
5605580,Palafin [Holo] #62,Pokemon Obsidian Flames,16,Ungraded,Normal wear,,,0,1,2025-04-16,,,,HOLO LOT
8871051,Weezing #92,Pokemon Journey Together,120,Ungraded,Normal wear,,,0,3,2025-04-20,,,,
8871147,N's Darumaka [Reverse Holo] #26,Pokemon Journey Together,25,Ungraded,Normal wear,,,0,1,2025-04-20,,,,REVERSE HOLO LOT
2543984,Dedication through Light and Darkness [1st Edition] IOC-095,YuGiOh Invasion of Chaos,237,Ungraded,Normal wear,,,0,1,2025-04-18,,,,CHECK CENTERING
8871216,Lechonk #139,Pokemon Journey Together,26,Ungraded,Normal wear,,,0,2,2025-04-20,,,,
2543921,Fuhma Shuriken [1st Edition] IOC-031,YuGiOh Invasion of Chaos,36,Ungraded,Normal wear,,,0,1,2025-04-18,,,,YUGIOH
8846398,Hakeem Olajuwon [Green] #296,Basketball Cards 2024 Panini Prizm,180,Ungraded,Normal wear,,,0,1,2025-04-17,,,,2025 PRIZMS
8871359,Pancham [Reverse Holo] #83,Pokemon Journey Together,14,Ungraded,Normal wear,,,0,1,2025-04-20,,,,REVERSE HOLO LOT
2544178,Serial Spell RDS-EN037,YuGiOh Rise of Destiny,999,Ungraded,Normal wear,,,0,1,2025-04-18,,,,YUGIOH
8549183,Jaylon Tyson #228,Basketball Cards 2024 Panini Prizm,185,Ungraded,Normal wear,,,0,1,2025-04-17,,,,
8544423,Clint Capela #161,Basketball Cards 2024 Panini Prizm,99,Ungraded,Normal wear,,,0,1,2025-04-17,,,,
1673360,Exp. Share #180,Pokemon Battle Styles,507,Ungraded,Normal wear,,,0,1,2025-04-16,,,,NOT A 10
8871368,Weezing [Reverse Holo] #92,Pokemon Journey Together,80,Ungraded,Normal wear,,,0,1,2025-04-20,,,,REVERSE HOLO LOT
8534645,Andre Jackson Jr. #52,Basketball Cards 2024 Panini Prizm,125,Ungraded,Normal wear,,,0,1,2025-04-17,,,,
1341633,Impidimp #SV083,Pokemon Shining Fates,275,Ungraded,Normal wear,,,0,1,2025-04-16,,,,HOLO LOT
8871384,Copperajah [Reverse Holo] #110,Pokemon Journey Together,27,Ungraded,Normal wear,,,0,1,2025-04-20,,,,REVERSE HOLO LOT
2575005,Waboku SDJ-046,YuGiOh Starter Deck: Joey,67,Ungraded,Normal wear,,,0,1,2025-04-18,,,,YUGIOH
762556,Cyndaquil #61,Pokemon Neo Destiny,265,Ungraded,Normal wear,,,0,1,2025-04-18,,,,PERSONAL COLLECTION
2575522,Summoned Skull [1st Edition] SYE-005,YuGiOh Starter Deck: Yugi Evolution,209,Ungraded,Normal wear,,,0,1,2025-04-18,,,,CLEAN AND SEND
8550984,Brandon Roy #271,Basketball Cards 2024 Panini Prizm,100,Ungraded,Normal wear,,,0,1,2025-04-17,,,,
8871082,Butterfree [Reverse Holo] #3,Pokemon Journey Together,61,Ungraded,Normal wear,,,0,1,2025-04-20,,,,REVERSE HOLO LOT
2575299,Soul Release SDP-036,YuGiOh Starter Deck: Pegasus,102,Ungraded,Normal wear,,,0,1,2025-04-18,,,,CHECK CENTERING
2544456,The Legendary Fisherman DB1-EN190,YuGiOh Dark Beginning 1,80,Ungraded,Normal wear,,,0,1,2025-04-18,,,,CHECK CENTERING
2728,Zelda Minish Cap,GameBoy Advance,7000,Item only,Normal wear,,,0,1,2025-05-06,,,,
2545470,Des Wombat TLM-EN031,YuGiOh The Lost Millennium,74,Ungraded,Normal wear,,,0,1,2025-04-18,,,,YUGIOH
5605896,Dragonair [Reverse Holo] #158,Pokemon Obsidian Flames,29,Ungraded,Normal wear,,,0,1,2025-04-16,,,,REVERSE HOLO LOT
2543416,Ultimate Obedient Fiend MFC-082,YuGiOh Magician's Force,177,Ungraded,Normal wear,,,0,1,2025-04-18,,,,YUGIOH
2560687,Pikeru's Circle of Enchantment [Ultimate Rare] RDS-EN057,YuGiOh Rise of Destiny,1340,Ungraded,Normal wear,,,0,1,2025-04-18,,,,CHECK CENTERING
2337,Mario Pinball Land,GameBoy Advance,1375,Item only,Normal wear,,,0,1,2025-05-06,,,,
5605910,Bouffalant [Reverse Holo] #174,Pokemon Obsidian Flames,38,Ungraded,Normal wear,,,0,1,2025-04-16,,,,REVERSE HOLO LOT
2575282,Armed Ninja SDP-018,YuGiOh Starter Deck: Pegasus,22,Ungraded,Normal wear,,,0,1,2025-04-18,,,,YUGIOH
2575530,Gazelle the King of Mythical Beasts [1st Edition] SYE-013,YuGiOh Starter Deck: Yugi Evolution,50,Ungraded,Normal wear,,,0,1,2025-04-18,,,,YUGIOH
5605770,Rowlet [Reverse Holo] #13,Pokemon Obsidian Flames,50,Ungraded,Normal wear,,,0,1,2025-04-16,,,,REVERSE HOLO LOT
8543659,Kyle Kuzma #150,Basketball Cards 2024 Panini Prizm,150,Ungraded,Normal wear,,,0,1,2025-04-19,,,,
1341550,Alcremie VMAX #73,Pokemon Shining Fates,446,Ungraded,Normal wear,,,0,1,2025-04-16,,,,
2575523,Beaver Warrior [1st Edition] SYE-006,YuGiOh Starter Deck: Yugi Evolution,50,Ungraded,Normal wear,,,0,1,2025-04-18,,,,YUGIOH
3161,Animal Crossing,Gamecube,8578,"Item, Box, and Manual",Normal wear,,,0,1,2025-05-06,,,,
2544402,Left Leg of the Forbidden One DB1-EN136,YuGiOh Dark Beginning 1,216,Ungraded,Normal wear,,,0,1,2025-04-18,,,,CHECK CENTERING
8871163,Blaziken ex #24,Pokemon Journey Together,177,Ungraded,Normal wear,,,0,1,2025-04-20,,,,CHECK CENTERING
2336,Mario Party Advance,GameBoy Advance,1700,Item only,Normal wear,,,0,1,2025-05-06,,,,
5605912,Yungoos [Reverse Holo] #176,Pokemon Obsidian Flames,15,Ungraded,Normal wear,,,0,1,2025-04-16,,,,REVERSE HOLO LOT
4192,Zoo Tycoon,Nintendo DS,571,Item only,Normal wear,,,0,1,2025-05-06,,,,
2574994,Monster Reborn SDJ-035,YuGiOh Starter Deck: Joey,63,Ungraded,Normal wear,,,0,1,2025-04-18,,,,CHECK CENTERING
8537884,Julian Strawther #92,Basketball Cards 2024 Panini Prizm,100,Ungraded,Normal wear,,,0,1,2025-04-17,,,,
8871208,Hop's Bag [Reverse Holo] #147,Pokemon Journey Together,12,Ungraded,Normal wear,,,0,1,2025-04-20,,,,REVERSE HOLO LOT
8871268,Lillie's Ribombee #67,Pokemon Journey Together,112,Ungraded,Normal wear,,,0,2,2025-04-20,,,,
2195,Frogger's Journey The Forgotten Relic,GameBoy Advance,534,Item only,Normal wear,,,0,1,2025-05-06,,,,
8871065,Metapod #2,Pokemon Journey Together,15,Ungraded,Normal wear,,,0,1,2025-04-20,,,,
5605603,Togekiss [Holo] #85,Pokemon Obsidian Flames,57,Ungraded,Normal wear,,,0,1,2025-04-16,,,,HOLO LOT
2575300,Yami SDP-037,YuGiOh Starter Deck: Pegasus,49,Ungraded,Normal wear,,,0,1,2025-04-18,,,,YUGIOH
4934013,Penny #239,Pokemon Scarlet & Violet,499,Ungraded,Normal wear,,,0,1,2025-04-16,,,,NOT A 10
8531435,Tari Eason #12,Basketball Cards 2024 Panini Prizm,125,Ungraded,Normal wear,,,0,1,2025-04-17,,,,
2530634,Hard Armor LOB-074,YuGiOh Legend of Blue Eyes White Dragon,59,Ungraded,Normal wear,,,0,1,2025-04-18,,,,YUGIOH
8871347,Lillie's Comfey [Reverse Holo] #68,Pokemon Journey Together,16,Ungraded,Normal wear,,,0,1,2025-04-20,,,,REVERSE HOLO LOT
4277125,Serperior V #7,Pokemon Silver Tempest,150,Ungraded,Normal wear,,,0,1,2025-04-16,,,,
8551143,Shaquille O'Neal #290,Basketball Cards 2024 Panini Prizm,147,Ungraded,Normal wear,,,0,1,2025-04-19,,,,
2531155,Horn of the Unicorn MRL-054,YuGiOh Magic Ruler,160,Ungraded,Normal wear,,,0,1,2025-04-18,,,,CHECK CENTERING
8225790,Jarace Walker #RJA-JAW,Basketball Cards 2023 Topps Midnight Rookie Jersey Autograph,331,Ungraded,Normal wear,,,0,1,2025-04-16,,,,PERSONAL COLLECTION
2543152,Pyramid Energy PGD-040,YuGiOh Pharaonic Guardian,14,Ungraded,Normal wear,,,0,1,2025-04-18,,,,YUGIOH
1341693,Chewtle [Reverse Holo] #26,Pokemon Shining Fates,24,Ungraded,Normal wear,,,0,1,2025-04-16,,,,REVERSE HOLO LOT
2544464,4-Starred Ladybug of Doom DB1-EN198,YuGiOh Dark Beginning 1,50,Ungraded,Normal wear,,,0,1,2025-04-18,,,,YUGIOH
8533116,Gary Trent Jr. #33,Basketball Cards 2024 Panini Prizm,25,Ungraded,Normal wear,,,0,1,2025-04-17,,,,
2575526,Great White [1st Edition] SYE-009,YuGiOh Starter Deck: Yugi Evolution,74,Ungraded,Normal wear,,,0,1,2025-04-18,,,,YUGIOH
1972535,Pokemon FireRed & LeafGreen Player's Guide,Strategy Guide,8093,Item only,Normal wear,,,0,1,2025-05-06,,,,
2543114,Shapesnatch PGD-002,YuGiOh Pharaonic Guardian,22,Ungraded,Normal wear,,,0,1,2025-04-18,,,,YUGIOH
1341523,Yveltal #46,Pokemon Shining Fates,202,Ungraded,Normal wear,,,0,1,2025-04-16,,,,REVERSE HOLO LOT
2575276,Jigen Bakudan SDP-012,YuGiOh Starter Deck: Pegasus,62,Ungraded,Normal wear,,,0,1,2025-04-18,,,,YUGIOH
1341666,Grimmsnarl V #SV116,Pokemon Shining Fates,171,Ungraded,Normal wear,,,0,1,2025-04-16,,,,
2575297,Remove Trap SDP-034,YuGiOh Starter Deck: Pegasus,27,Ungraded,Normal wear,,,0,1,2025-04-18,,,,YUGIOH
8871180,Oinkologne [Reverse Holo] #140,Pokemon Journey Together,73,Ungraded,Normal wear,,,0,1,2025-04-20,,,,REVERSE HOLO LOT
1341551,Rowlet #SV001,Pokemon Shining Fates,199,Ungraded,Normal wear,,,0,1,2025-04-16,,,,HOLO LOT
19755,Pokemon Mystery Dungeon Explorers of Sky,Nintendo DS,9850,Item only,Normal wear,,,0,1,2025-05-06,,,,
8871253,Spiky Energy [Reverse Holo] #159,Pokemon Journey Together,164,Ungraded,Normal wear,,,0,1,2025-04-20,,,,REVERSE HOLO LOT
7469654,Tengen Uzui #1533,Funko POP Animation,1200,Brand New,Normal wear,,,0,1,2025-04-16,,,,
1341587,Arctovish #SV037,Pokemon Shining Fates,164,Ungraded,Normal wear,,,0,1,2025-04-16,,,,HOLO LOT
8551667,Aaron Gordon #168,Basketball Cards 2024 Panini Prizm,100,Ungraded,Normal wear,,,0,1,2025-04-17,,,,
2727,Zelda Link to the Past,GameBoy Advance,2644,Item only,Normal wear,,,0,1,2025-05-06,,,,
2593881,Alpha The Magnet Warrior DOR-001,YuGiOh The Duelists of the Roses,545,Ungraded,Normal wear,,,0,1,2025-04-16,,,,YUGIOH
8846284,James Harden [Green] #181,Basketball Cards 2024 Panini Prizm,199,Ungraded,Normal wear,,,0,1,2025-04-19,,,,2025 PRIZMS
630418,Clefairy #5,Pokemon Base Set,1518,Ungraded,Normal wear,,,0,1,2025-04-16,,,,PERSONAL COLLECTION
8871355,Piloswine [Reverse Holo] #78,Pokemon Journey Together,78,Ungraded,Normal wear,,,0,1,2025-04-20,,,,REVERSE HOLO LOT
2543891,Ojama Yellow [1st Edition] IOC-001,YuGiOh Invasion of Chaos,75,Ungraded,Normal wear,,,0,1,2025-04-18,,,,YUGIOH
8536583,Jonas Valanciunas #76,Basketball Cards 2024 Panini Prizm,125,Ungraded,Normal wear,,,0,1,2025-04-17,,,,
1341480,Celebi #3,Pokemon Shining Fates,66,Ungraded,Normal wear,,,0,2,2025-04-18,,,,
2574977,Big Eye SDJ-018,YuGiOh Starter Deck: Joey,41,Ungraded,Normal wear,,,0,1,2025-04-18,,,,YUGIOH
8560676,Yves Missi [Silver] #21,Basketball Cards 2024 Panini Prizm Emergent,99,Ungraded,Normal wear,,,0,1,2025-04-17,,,,2025 PRIZMS
4934198,Mesagoza [Reverse Holo] #178,Pokemon Scarlet & Violet,23,Ungraded,Normal wear,,,0,1,2025-04-16,,,,REVERSE HOLO LOT
8540007,Moritz Wagner [Red White Blue] #116,Basketball Cards 2024 Panini Prizm,216,Ungraded,Normal wear,,,0,1,2025-04-19,,,,2025 PRIZMS
8871335,Metang [Reverse Holo] #62,Pokemon Journey Together,15,Ungraded,Normal wear,,,0,1,2025-04-20,,,,REVERSE HOLO LOT
3350,Kirby Air Ride,Gamecube,8870,"Item, Box, and Manual",Normal wear,,,0,1,2025-05-06,,,,
2545440,Elemental Hero Avian TLM-EN001,YuGiOh The Lost Millennium,88,Ungraded,Normal wear,,,0,1,2025-04-18,,,,YUGIOH
8846241,Marvin Bagley III [Green] #145,Basketball Cards 2024 Panini Prizm,25,Ungraded,Normal wear,,,0,1,2025-04-18,,,,2025 PRIZMS
8560738,Stephon Castle [Green] #29,Basketball Cards 2024 Panini Prizm Emergent,125,Ungraded,Normal wear,,,0,1,2025-04-17,,,,2025 PRIZMS
8543305,Darius Garland [Red White Blue] #146,Basketball Cards 2024 Panini Prizm,190,Ungraded,Normal wear,,,0,1,2025-04-17,,,,2025 PRIZMS
8541413,Nikola Jokic #129,Basketball Cards 2024 Panini Prizm,200,Ungraded,Normal wear,,,0,1,2025-04-19,,,,
5139123,Kendall Brown #217,Basketball Cards 2022 Panini Donruss Optic,149,Ungraded,Normal wear,,,0,1,2025-04-16,,,,PERSONAL COLLECTION
2290675,Poke Kid #70,Pokemon Shining Fates,763,Ungraded,Normal wear,,,0,1,2025-04-16,,,,
2543181,Mystical Knight of Jackal PGD-069,YuGiOh Pharaonic Guardian,500,Ungraded,Normal wear,,,0,1,2025-04-18,,,,CHECK CENTERING
2575203,Gift of The Mystical Elf SKE-044,YuGiOh Starter Deck: Kaiba Evolution,70,Ungraded,Normal wear,,,0,1,2025-04-18,,,,YUGIOH
8560280,Jayson Tatum [Green] #7,Basketball Cards 2024 Panini Prizm Deep Space,112,Ungraded,Normal wear,,,0,1,2025-04-19,,,,2025 PRIZMS
2575306,Castle Walls SDP-043,YuGiOh Starter Deck: Pegasus,38,Ungraded,Normal wear,,,0,1,2025-04-18,,,,YUGIOH
8871290,Swinub #165,Pokemon Journey Together,350,Ungraded,Normal wear,,,0,1,2025-04-20,,,,NOT A 10
2543869,Stray Lambs IOC-092,YuGiOh Invasion of Chaos,60,Ungraded,Normal wear,,,0,1,2025-04-18,,,,YUGIOH
11188,Pokemon Dash,Nintendo DS,5464,"Item, Box, and Manual",Normal wear,,,0,1,2025-05-06,,,,
8535513,Pascal Siakam [Mojo] #62,Basketball Cards 2024 Panini Prizm,0,Ungraded,Normal wear,,,0,1,2025-04-16,,,,CHECK CENTERING
643421,Lapras #10,Pokemon Fossil,734,Ungraded,Normal wear,,,0,1,2025-04-16,,,,PERSONAL COLLECTION
2545455,Dummy Golem TLM-EN016,YuGiOh The Lost Millennium,17,Ungraded,Normal wear,,,0,1,2025-04-18,,,,YUGIOH
5605682,Pidgeot ex #164,Pokemon Obsidian Flames,459,Ungraded,Normal wear,,,0,1,2025-04-16,,,,
2575303,Graceful Charity SDP-040,YuGiOh Starter Deck: Pegasus,435,Ungraded,Normal wear,,,0,1,2025-04-18,,,,CHECK CENTERING
8871377,N's Klink [Reverse Holo] #103,Pokemon Journey Together,14,Ungraded,Normal wear,,,0,1,2025-04-20,,,,REVERSE HOLO LOT
8550754,Isaac Okoro [Green Wave] #163,Basketball Cards 2024 Panini Prizm,25,Ungraded,Normal wear,,,0,1,2025-04-16,,,,2025 PRIZMS
2543669,Acrobat Monkey [1st Edition] DCR-003,YuGiOh Dark Crisis,25,Ungraded,Normal wear,,,0,1,2025-04-18,,,,YUGIOH
8549241,Kel'el Ware #248,Basketball Cards 2024 Panini Prizm,164,Ungraded,Normal wear,,,0,1,2025-04-19,,,,
8871057,N's Purrloin #96,Pokemon Journey Together,49,Ungraded,Normal wear,,,0,1,2025-04-20,,,,
8561126,Nikola Jokic #2,Basketball Cards 2024 Panini Prizm Global Reach,146,Ungraded,Normal wear,,,0,1,2025-04-17,,,,
8560471,Trae Young [Silver] #20,Basketball Cards 2024 Panini Prizm Dominance,161,Ungraded,Normal wear,,,0,1,2025-04-19,,,,2025 PRIZMS
8871066,Butterfree #3,Pokemon Journey Together,105,Ungraded,Normal wear,,,0,1,2025-04-20,,,,
4124,Pokemon Pearl,Nintendo DS,6940,"Item, Box, and Manual",Normal wear,,,0,1,2025-05-06,,,,
8871114,Furret [Reverse Holo] #119,Pokemon Journey Together,50,Ungraded,Normal wear,,,0,1,2025-04-20,,,,REVERSE HOLO LOT
8871255,Banette #60,Pokemon Journey Together,50,Ungraded,Normal wear,,,0,2,2025-04-20,,,,
8871296,N's Reshiram #167,Pokemon Journey Together,1253,Ungraded,Normal wear,,,0,1,2025-04-20,,,,CHECK CENTERING
8871196,Ludicolo #37,Pokemon Journey Together,152,Ungraded,Normal wear,,,0,2,2025-04-20,,,,HOLO LOT
2575173,Opticlops SKE-012,YuGiOh Starter Deck: Kaiba Evolution,15,Ungraded,Normal wear,,,0,1,2025-04-18,,,,YUGIOH
3337,Indigo GameCube System,Gamecube,11900,Item only,Normal wear,,,0,1,2025-05-06,,,,
2575312,Enchanted Javelin SDP-049,YuGiOh Starter Deck: Pegasus,74,Ungraded,Normal wear,,,0,1,2025-04-18,,,,YUGIOH
2575302,Ring of Magnetism SDP-039,YuGiOh Starter Deck: Pegasus,70,Ungraded,Normal wear,,,0,1,2025-04-18,,,,YUGIOH
2632,The Incredibles,GameBoy Advance,559,Item only,Normal wear,,,0,1,2025-05-06,,,,
8871107,N's Reshiram [Reverse Holo] #116,Pokemon Journey Together,87,Ungraded,Normal wear,,,0,1,2025-04-20,,,,REVERSE HOLO LOT
2544788,Hyena FET-EN017,YuGiOh Flaming Eternity,77,Ungraded,Normal wear,,,0,1,2025-04-18,,,,YUGIOH
2544781,Element Valkyrie FET-EN010,YuGiOh Flaming Eternity,57,Ungraded,Normal wear,,,0,1,2025-04-18,,,,YUGIOH
2573340,Blue-Eyes White Dragon BPT-009,YuGiOh 2003 Collector's Tin,2016,Ungraded,Normal wear,,,0,1,2025-04-16,,,,CHECK CENTERING
2185,Fire Emblem,GameBoy Advance,4999,Item only,Normal wear,,,0,1,2025-05-06,,,,
8558840,Kareem Abdul-Jabbar #279,Basketball Cards 2024 Panini Prizm,268,Ungraded,Normal wear,,,0,2,2025-04-19,,,,
2546180,Spiritual Earth Art - Kurogane [1st Edition] CRV-EN050,YuGiOh Cybernetic Revolution,29,Ungraded,Normal wear,,,0,1,2025-04-18,,,,YUGIOH
6818646,Tyrese Haliburton [Black Velocity] #27,Basketball Cards 2023 Panini Donruss Optic,9500,PSA 10,Normal wear,,,9000,1,2025-04-16,2025-04-14,PSA,104938102,GRADED
2574975,Maha Vailo SDJ-016,YuGiOh Starter Deck: Joey,54,Ungraded,Normal wear,,,0,1,2025-04-18,,,,YUGIOH
8561243,Alexandre Sarr #1,Basketball Cards 2024 Panini Prizm Instant Impact,111,Ungraded,Normal wear,,,0,1,2025-04-18,,,,
8871205,Hop's Dubwool #136,Pokemon Journey Together,136,Ungraded,Normal wear,,,0,2,2025-04-20,,,,HOLO LOT
1341684,Eldegoss [Reverse Holo] #15,Pokemon Shining Fates,30,Ungraded,Normal wear,,,0,1,2025-04-16,,,,REVERSE HOLO LOT
4836405,Andrew Nembhard #231,Basketball Cards 2022 Panini Donruss,139,Ungraded,Normal wear,,,0,1,2025-04-16,,,,PERSONAL COLLECTION
2575293,Change of Heart SDP-030,YuGiOh Starter Deck: Pegasus,69,Ungraded,Normal wear,,,0,1,2025-04-18,,,,CHECK CENTERING
2575295,Mystical Space Typhoon SDP-032,YuGiOh Starter Deck: Pegasus,91,Ungraded,Normal wear,,,0,1,2025-04-18,,,,YUGIOH
6294248,Andrew Wiggins [Press Proof Silver] #170,Basketball Cards 2023 Panini Donruss,25,Ungraded,Normal wear,,,0,1,2025-04-16,,,,2025 PRIZMS
4934161,Forretress [Reverse Holo] #139,Pokemon Scarlet & Violet,25,Ungraded,Normal wear,,,0,1,2025-04-16,,,,REVERSE HOLO LOT
8550368,Charles Barkley #280,Basketball Cards 2024 Panini Prizm,140,Ungraded,Normal wear,,,0,1,2025-04-17,,,,
2543930,D.D. Borderline [1st Edition] IOC-040,YuGiOh Invasion of Chaos,35,Ungraded,Normal wear,,,0,1,2025-04-18,,,,YUGIOH
5605911,Bunnelby [Reverse Holo] #175,Pokemon Obsidian Flames,16,Ungraded,Normal wear,,,0,1,2025-04-16,,,,REVERSE HOLO LOT
8871249,Super Potion [Reverse Holo] #158,Pokemon Journey Together,37,Ungraded,Normal wear,,,0,1,2025-04-20,,,,REVERSE HOLO LOT
2543961,Balloon Lizard [1st Edition] IOC-072,YuGiOh Invasion of Chaos,60,Ungraded,Normal wear,,,0,1,2025-04-18,,,,YUGIOH
2575391,Ancient Elf SDY-024,YuGiOh Starter Deck: Yugi,37,Ungraded,Normal wear,,,0,1,2025-04-18,,,,YUGIOH
1972533,Pokemon Emerald Player's Guide,Strategy Guide,4350,Item only,Normal wear,,,0,1,2025-05-06,,,,
8543485,Evan Mobley #148,Basketball Cards 2024 Panini Prizm,19,Ungraded,Normal wear,,,0,1,2025-04-17,,,,
2462,Pokemon Ruby,GameBoy Advance,9997,Item only,Normal wear,,,0,1,2025-05-06,,,,
2771280,Genesect V #254,Pokemon Fusion Strike,287,Ungraded,Normal wear,,,0,1,2025-04-16,,,,PERSONAL COLLECTION
2575554,Mystic Plasma Zone [1st Edition] SYE-038,YuGiOh Starter Deck: Yugi Evolution,129,Ungraded,Normal wear,,,0,1,2025-04-18,,,,YUGIOH
2531156,Labyrinth Wall MRL-055,YuGiOh Magic Ruler,90,Ungraded,Normal wear,,,0,1,2025-04-18,,,,CHECK CENTERING
2601,Super Mario World: Super Mario Advance 2,GameBoy Advance,1999,Item only,Normal wear,,,0,1,2025-05-06,,,,
3862,Paper Mario,Nintendo 64,8487,Item only,Normal wear,,,0,1,2025-05-06,,,,
2546217,"Scarr, Scout of Dark World EEN-EN025",YuGiOh Elemental Energy,13,Ungraded,Normal wear,,,0,1,2025-04-18,,,,YUGIOH
2546155,Doitsu [1st Edition] CRV-EN025,YuGiOh Cybernetic Revolution,40,Ungraded,Normal wear,,,0,1,2025-04-18,,,,YUGIOH
8551304,Rasheed Wallace [Red White Blue] #293,Basketball Cards 2024 Panini Prizm,133,Ungraded,Normal wear,,,0,1,2025-04-17,,,,2025 PRIZMS
2573341,XYZ-Dragon Cannon BPT-010,YuGiOh 2003 Collector's Tin,700,Ungraded,Normal wear,,,0,1,2025-04-18,,,,CHECK CENTERING
8536117,Coby White [Red White Blue] #70,Basketball Cards 2024 Panini Prizm,99,Ungraded,Normal wear,,,0,1,2025-04-19,,,,2025 PRIZMS
8728620,Bennedict Mathurin [Ruby] #MS-MAT,Basketball Cards 2024 Panini Court Kings Masterstrokes,0,Ungraded,Normal wear,,,1978,1,2025-04-18,2025-04-14,,,CHECK CENTERING
8726326,Johnny Furphy #128,Basketball Cards 2024 Panini Court Kings,603,Ungraded,Normal wear,,,0,3,2025-04-16,,,,CHECK CENTERING
8871129,Audino [Reverse Holo] #124,Pokemon Journey Together,13,Ungraded,Normal wear,,,0,1,2025-04-20,,,,REVERSE HOLO LOT
8871203,Hop's Wooloo #135,Pokemon Journey Together,20,Ungraded,Normal wear,,,0,2,2025-04-20,,,,
2575524,Gaia The Fierce Knight [1st Edition] SYE-007,YuGiOh Starter Deck: Yugi Evolution,195,Ungraded,Normal wear,,,0,1,2025-04-18,,,,CHECK CENTERING
2543120,Maiden of the Aqua PGD-008,YuGiOh Pharaonic Guardian,193,Ungraded,Normal wear,,,0,1,2025-04-18,,,,YUGIOH
16379,Medabots AX: Rokusho,GameBoy Advance,1447,Item only,Normal wear,,,0,1,2025-05-06,,,,
3562,SpongeBob SquarePants The Movie,Gamecube,2165,"Item, Box, and Manual",Normal wear,,,0,1,2025-05-06,,,,
2575403,Man-Eating Treasure Chest SDY-037,YuGiOh Starter Deck: Yugi,67,Ungraded,Normal wear,,,0,1,2025-04-18,,,,YUGIOH
2542590,Bio-Mage LON-043,YuGiOh Labyrinth of Nightmare,46,Ungraded,Normal wear,,,0,1,2025-04-18,,,,YUGIOH
2575555,Swords of Revealing Light [1st Edition] SYE-039,YuGiOh Starter Deck: Yugi Evolution,169,Ungraded,Normal wear,,,0,1,2025-04-18,,,,YUGIOH
4934040,Scatterbug [Reverse Holo] #8,Pokemon Scarlet & Violet,11,Ungraded,Normal wear,,,0,1,2025-04-16,,,,REVERSE HOLO LOT
2546157,T.A.D.P.O.L.E. [1st Edition] CRV-EN027,YuGiOh Cybernetic Revolution,68,Ungraded,Normal wear,,,0,1,2025-04-18,,,,YUGIOH
13212,Pokemon Mystery Dungeon Explorers of Time,Nintendo DS,2743,Item only,Normal wear,,,0,1,2025-05-06,,,,
8558153,Pacome Dadiet #259,Basketball Cards 2024 Panini Prizm,178,Ungraded,Normal wear,,,0,1,2025-04-17,,,,
8871083,Amoonguss ex #11,Pokemon Journey Together,138,Ungraded,Normal wear,,,0,1,2025-04-20,,,,
2575531,Dark Blade [1st Edition] SYE-015,YuGiOh Starter Deck: Yugi Evolution,74,Ungraded,Normal wear,,,0,1,2025-04-18,,,,YUGIOH
2575564,Shift [1st Edition] SYE-048,YuGiOh Starter Deck: Yugi Evolution,11,Ungraded,Normal wear,,,0,1,2025-04-18,,,,YUGIOH
643452,Dark Dragonair #33,Pokemon Team Rocket,385,Ungraded,Normal wear,,,0,1,2025-04-18,,,,PERSONAL COLLECTION
4934116,Flabebe [Reverse Holo] #91,Pokemon Scarlet & Violet,12,Ungraded,Normal wear,,,0,1,2025-04-18,,,,REVERSE HOLO LOT
2575408,Card Destruction SDY-042,YuGiOh Starter Deck: Yugi,156,Ungraded,Normal wear,,,0,1,2025-04-18,,,,YUGIOH
3574,Star Fox Adventures,Gamecube,3999,"Item, Box, and Manual",Normal wear,,,0,1,2025-05-06,,,,
1656626,Dragapult VMAX #SWSH097,Pokemon Promo,300,Ungraded,Normal wear,,,0,1,2025-04-16,,,,
2543941,Spatial Collapse [1st Edition] IOC-051,YuGiOh Invasion of Chaos,16,Ungraded,Normal wear,,,0,1,2025-04-18,,,,YUGIOH
3484,Pokemon XD: Gale of Darkness,Gamecube,21999,"Item, Box, and Manual",Normal wear,,,0,1,2025-05-06,,,,
8871376,Escavalier [Reverse Holo] #102,Pokemon Journey Together,15,Ungraded,Normal wear,,,0,1,2025-04-20,,,,REVERSE HOLO LOT
5605832,Togepi [Reverse Holo] #83,Pokemon Obsidian Flames,78,Ungraded,Normal wear,,,0,2,2025-04-16,,,,REVERSE HOLO LOT
8871080,Foongus #10,Pokemon Journey Together,33,Ungraded,Normal wear,,,0,3,2025-04-20,,,,
2573724,Elemental HERO Neos  [1st Edition] DP03-EN001,YuGiOh Duelist Pack: Jaden Yuki 2,126,Ungraded,Normal wear,,,0,1,2025-04-18,,,,YUGIOH
2530672,Steel Ogre Grotto 1 LOB-112,YuGiOh Legend of Blue Eyes White Dragon,19,Ungraded,Normal wear,,,0,1,2025-04-18,,,,YUGIOH
3482,Pokemon Channel,Gamecube,7999,"Item, Box, and Manual",Normal wear,,,0,1,2025-05-06,,,,
3586,Super Monkey Ball 2,Gamecube,2913,"Item, Box, and Manual",Normal wear,,,0,1,2025-05-06,,,,
3671,Zelda Wind Waker,Gamecube,6188,Item only,Normal wear,,,0,1,2025-05-06,,,,
5605801,Buizel [Reverse Holo] #48,Pokemon Obsidian Flames,35,Ungraded,Normal wear,,,0,1,2025-04-16,,,,REVERSE HOLO LOT
8533598,Ivica Zubac #39,Basketball Cards 2024 Panini Prizm,100,Ungraded,Normal wear,,,0,1,2025-04-19,,,,
4933916,Revavroom [Holo] #142,Pokemon Scarlet & Violet,16,Ungraded,Normal wear,,,0,1,2025-04-16,,,,HOLO LOT
8533211,Derrick Jones Jr. [Silver] #34,Basketball Cards 2024 Panini Prizm,99,Ungraded,Normal wear,,,0,1,2025-04-17,,,,2025 PRIZMS
8544652,Kobe Bufkin #166,Basketball Cards 2024 Panini Prizm,150,Ungraded,Normal wear,,,0,1,2025-04-17,,,,
8539163,Isaiah Stewart #106,Basketball Cards 2024 Panini Prizm,135,Ungraded,Normal wear,,,0,1,2025-04-17,,,,
1341662,Toxtricity V #SV112,Pokemon Shining Fates,200,Ungraded,Normal wear,,,0,1,2025-04-16,,,,
8538730,Cole Anthony [Red White Blue] #73,Basketball Cards 2024 Panini Prizm,300,Ungraded,Normal wear,,,0,2,2025-04-17,,,,2025 PRIZMS
8871314,Iono's Tadbulb [Reverse Holo] #52,Pokemon Journey Together,10,Ungraded,Normal wear,,,0,1,2025-04-20,,,,REVERSE HOLO LOT
2720,Yu-Gi-Oh Sacred Cards,GameBoy Advance,1109,Item only,Normal wear,,,0,1,2025-05-06,,,,
8552176,Ray Allen [Red White Blue] #300,Basketball Cards 2024 Panini Prizm,200,Ungraded,Normal wear,,,0,2,2025-04-17,,,,2025 PRIZMS
37664,Rayman,Playstation,1035,Item only,Normal wear,,,0,1,2025-05-06,,,,
8533532,Nicolas Claxton [Red White Blue] #38,Basketball Cards 2024 Panini Prizm,198,Ungraded,Normal wear,,,0,1,2025-04-19,,,,2025 PRIZMS
7516108,Espeon #884,Funko POP Games,1322,Brand New,Normal wear,,,1100,1,2025-04-16,,,,
8774440,Nicolas Claxton [Silver Press Proof] #131,Basketball Cards 2024 Panini Donruss,25,Ungraded,Normal wear,,,0,1,2025-04-16,,,,2025 PRIZMS
2575262,Premature Burial SKE-039,YuGiOh Starter Deck: Kaiba Evolution,59,Ungraded,Normal wear,,,0,1,2025-04-18,,,,YUGIOH
8871123,Kecleon [Reverse Holo] #122,Pokemon Journey Together,25,Ungraded,Normal wear,,,0,1,2025-04-20,,,,REVERSE HOLO LOT
8545775,T.J. McConnell #191,Basketball Cards 2024 Panini Prizm,140,Ungraded,Normal wear,,,0,1,2025-04-19,,,,
2688,Wario Ware Twisted,GameBoy Advance,7999,Item only,Normal wear,,,0,1,2025-05-06,,,,
8871190,Greedent #132,Pokemon Journey Together,81,Ungraded,Normal wear,,,0,3,2025-04-20,,,,
4277117,Rayquaza VMAX #TG29,Pokemon Silver Tempest,1883,Ungraded,Normal wear,,,0,1,2025-04-16,,,,
2574979,Princess of Tsurugi SDJ-020,YuGiOh Starter Deck: Joey,103,Ungraded,Normal wear,,,0,1,2025-04-18,,,,YUGIOH
8871055,Tyranitar #95,Pokemon Journey Together,194,Ungraded,Normal wear,,,0,1,2025-04-20,,,,HOLO LOT
2455,Pokemon Emerald,GameBoy Advance,24997,Item only,Normal wear,,,0,1,2025-05-06,,,,
8547776,Dalton Knecht #238,Basketball Cards 2024 Panini Prizm,150,Ungraded,Normal wear,,,0,1,2025-04-17,,,,
8533436,Kyle Anderson #37,Basketball Cards 2024 Panini Prizm,149,Ungraded,Normal wear,,,0,1,2025-04-17,,,,
8871130,Meowscarada #18,Pokemon Journey Together,78,Ungraded,Normal wear,,,0,2,2025-04-20,,,,
8531126,Devin Booker [Red White Blue] #8,Basketball Cards 2024 Panini Prizm,208,Ungraded,Normal wear,,,0,1,2025-04-17,,,,2025 PRIZMS
8871304,Regirock #82,Pokemon Journey Together,38,Ungraded,Normal wear,,,0,1,2025-04-20,,,,HOLO LOT
1656623,Jolteon #SWSH094,Pokemon Promo,335,Ungraded,Normal wear,,,0,1,2025-04-16,,,,HOLO LOT
8871149,Magmortar #21,Pokemon Journey Together,18,Ungraded,Normal wear,,,0,1,2025-04-20,,,,
2575278,Witch of the Black Forest SDP-014,YuGiOh Starter Deck: Pegasus,85,Ungraded,Normal wear,,,0,1,2025-04-18,,,,YUGIOH
2512894,Medicham V #83,Pokemon Evolving Skies,99,Ungraded,Normal wear,,,0,1,2025-04-16,,,,
2574967,7 Colored Fish SDJ-008,YuGiOh Starter Deck: Joey,90,Ungraded,Normal wear,,,0,1,2025-04-18,,,,YUGIOH
8871352,Milcery [Reverse Holo] #74,Pokemon Journey Together,25,Ungraded,Normal wear,,,0,1,2025-04-20,,,,REVERSE HOLO LOT
2575288,Toon World SDP-024,YuGiOh Starter Deck: Pegasus,67,Ungraded,Normal wear,,,0,1,2025-04-18,,,,CHECK CENTERING
4934020,Great Tusk ex #246,Pokemon Scarlet & Violet,970,Ungraded,Normal wear,,,0,1,2025-04-16,,,,NOT A 10
2530882,Castle of Dark Illusions MRD-073,YuGiOh Metal Raiders,99,Ungraded,Normal wear,,,0,1,2025-04-18,,,,CHECK CENTERING
15871,Ninja Town,Nintendo DS,815,Item only,Normal wear,,,0,1,2025-05-06,,,,
7313,Drawn to Life,Nintendo DS,702,Item only,Normal wear,,,0,1,2025-05-06,,,,
8541526,LeBron James #130,Basketball Cards 2024 Panini Prizm,165,Ungraded,Normal wear,,,0,1,2025-04-19,,,,
8871323,Mr. Mime [Reverse Holo] #58,Pokemon Journey Together,17,Ungraded,Normal wear,,,0,1,2025-04-20,,,,REVERSE HOLO LOT
2578588,Human-Wave Tactics AST-104,YuGiOh Ancient Sanctuary,44,Ungraded,Normal wear,,,0,1,2025-04-18,,,,YUGIOH
2594037,Pyramid of Light MOV-EN004,YuGiOh Movie Pack,596,Ungraded,Normal wear,,,0,2,2025-04-18,,,,NOT A 10
8871257,Beldum #61,Pokemon Journey Together,20,Ungraded,Normal wear,,,0,2,2025-04-20,,,,
8768349,Derrick Jones Jr. [Holo Laser] #15,Basketball Cards 2024 Panini Donruss,200,Ungraded,Normal wear,,,0,1,2025-04-16,,,,2025 PRIZMS
1341616,Galarian Runerigus #SV066,Pokemon Shining Fates,252,Ungraded,Normal wear,,,0,1,2025-04-16,,,,HOLO LOT
4934185,Flamigo [Reverse Holo] #165,Pokemon Scarlet & Violet,15,Ungraded,Normal wear,,,0,1,2025-04-16,,,,REVERSE HOLO LOT
3631,Ty the Tasmanian Tiger 2 Bush Rescue,Gamecube,1076,Item and Box only,Normal wear,,,0,1,2025-05-06,,,,
8558208,Anfernee Hardaway [Red White Blue] #274,Basketball Cards 2024 Panini Prizm,100,Ungraded,Normal wear,,,0,1,2025-04-19,,,,2025 PRIZMS
8883287,Lillie's Clefairy Ex #184,Pokemon Journey Together,12850,Ungraded,Normal wear,,,0,1,2025-05-06,,,,
2461,Pokemon Pinball Ruby and Sapphire,GameBoy Advance,5999,Item only,Normal wear,,,0,1,2025-05-06,,,,
8871153,Minccino #125,Pokemon Journey Together,393,Ungraded,Normal wear,,,0,3,2025-04-20,,,,
2543971,Torpedo Fish [1st Edition] IOC-082,YuGiOh Invasion of Chaos,125,Ungraded,Normal wear,,,0,1,2025-04-18,,,,YUGIOH
4934061,Growlithe [Reverse Holo] #30,Pokemon Scarlet & Violet,17,Ungraded,Normal wear,,,0,1,2025-04-16,,,,REVERSE HOLO LOT
2575310,Robbin' Goblin SDP-047,YuGiOh Starter Deck: Pegasus,81,Ungraded,Normal wear,,,0,1,2025-04-18,,,,YUGIOH
8871270,Lillie's Comfey #68,Pokemon Journey Together,22,Ungraded,Normal wear,,,0,2,2025-04-20,,,,
4934059,Capsakid [Reverse Holo] #28,Pokemon Scarlet & Violet,22,Ungraded,Normal wear,,,0,1,2025-04-16,,,,REVERSE HOLO LOT
2575363,De-Spell SDP-029,YuGiOh Starter Deck: Pegasus,41,Ungraded,Normal wear,,,0,1,2025-04-18,,,,YUGIOH
8871382,Hop's Corviknight [Reverse Holo] #108,Pokemon Journey Together,64,Ungraded,Normal wear,,,0,1,2025-04-20,,,,REVERSE HOLO LOT
2545443,Elemental Hero Sparkman TLM-EN004,YuGiOh The Lost Millennium,73,Ungraded,Normal wear,,,0,1,2025-04-18,,,,YUGIOH
2542582,Lady Assailant of Flames LON-035,YuGiOh Labyrinth of Nightmare,21,Ungraded,Normal wear,,,0,1,2025-04-18,,,,YUGIOH
2546798,Treeborn Frog SOI-EN025,YuGiOh Shadow of Infinity,355,Ungraded,Normal wear,,,0,1,2025-04-18,,,,CHECK CENTERING
8871128,Sentret #118,Pokemon Journey Together,21,Ungraded,Normal wear,,,0,3,2025-04-20,,,,
8535792,Derrick White [Red White Blue] #66,Basketball Cards 2024 Panini Prizm,202,Ungraded,Normal wear,,,0,1,2025-04-17,,,,2025 PRIZMS
2575281,Dream Clown SDP-017,YuGiOh Starter Deck: Pegasus,50,Ungraded,Normal wear,,,0,1,2025-04-18,,,,YUGIOH
8536906,Bol Bol #80,Basketball Cards 2024 Panini Prizm,99,Ungraded,Normal wear,,,0,1,2025-04-17,,,,
4161,Super Mario 64 DS,Nintendo DS,1814,Item only,Normal wear,,,0,1,2025-05-06,,,,
